delivery_id,supplier_id,delivery_date,planned_quantity,actual_quantity,ontime_rate,quality_score,created_date
1,21,2024-01-01,180,154,1.0,0.92,2024-01-01 00:00:00
2,10,2024-01-01,396,410,1.0,0.861,2024-01-01 00:00:00
3,19,2024-01-02,203,189,1.0,0.977,2024-01-02 00:00:00
4,7,2024-01-02,246,226,1.0,0.866,2024-01-02 00:00:00
5,19,2024-01-03,233,167,1.0,0.997,2024-01-03 00:00:00
6,22,2024-01-03,252,216,1.0,0.935,2024-01-03 00:00:00
7,25,2024-01-04,431,524,1.0,0.975,2024-01-04 00:00:00
8,29,2024-01-04,196,188,1.0,0.885,2024-01-04 00:00:00
9,26,2024-01-04,230,232,1.0,0.963,2024-01-04 00:00:00
10,22,2024-01-05,479,509,0.55,0.944,2024-01-05 00:00:00
11,2,2024-01-05,208,209,1.0,0.87,2024-01-05 00:00:00
12,30,2024-01-05,201,195,1.0,0.912,2024-01-05 00:00:00
13,5,2024-01-06,452,335,1.0,0.987,2024-01-06 00:00:00
14,9,2024-01-07,472,441,1.0,0.995,2024-01-07 00:00:00
15,24,2024-01-08,495,482,1.0,0.871,2024-01-08 00:00:00
16,8,2024-01-08,490,510,1.0,0.951,2024-01-08 00:00:00
17,28,2024-01-09,461,442,1.0,0.89,2024-01-09 00:00:00
18,4,2024-01-09,282,277,1.0,0.962,2024-01-09 00:00:00
19,19,2024-01-10,245,270,0.61,0.854,2024-01-10 00:00:00
20,29,2024-01-10,337,265,1.0,0.942,2024-01-10 00:00:00
21,3,2024-01-11,375,411,1.0,0.911,2024-01-11 00:00:00
22,5,2024-01-11,73,58,1.0,0.896,2024-01-11 00:00:00
23,16,2024-01-11,109,127,0.72,0.951,2024-01-11 00:00:00
24,23,2024-01-12,326,365,1.0,0.961,2024-01-12 00:00:00
25,5,2024-01-12,262,234,1.0,0.991,2024-01-12 00:00:00
26,9,2024-01-12,66,55,1.0,0.883,2024-01-12 00:00:00
27,8,2024-01-13,487,397,1.0,0.985,2024-01-13 00:00:00
28,21,2024-01-13,233,282,0.64,0.995,2024-01-13 00:00:00
29,3,2024-01-14,389,402,1.0,0.858,2024-01-14 00:00:00
30,11,2024-01-14,174,198,1.0,0.968,2024-01-14 00:00:00
31,3,2024-01-15,474,477,1.0,0.98,2024-01-15 00:00:00
32,25,2024-01-16,125,116,1.0,0.939,2024-01-16 00:00:00
33,9,2024-01-16,489,633,1.0,0.97,2024-01-16 00:00:00
34,22,2024-01-17,493,478,0.51,0.968,2024-01-17 00:00:00
35,19,2024-01-18,215,231,0.71,0.867,2024-01-18 00:00:00
36,16,2024-01-19,279,281,1.0,0.927,2024-01-19 00:00:00
37,15,2024-01-20,307,314,1.0,0.986,2024-01-20 00:00:00
38,17,2024-01-21,204,231,1.0,0.995,2024-01-21 00:00:00
39,2,2024-01-21,295,312,0.85,0.917,2024-01-21 00:00:00
40,29,2024-01-21,91,83,1.0,0.872,2024-01-21 00:00:00
41,9,2024-01-22,369,337,1.0,0.999,2024-01-22 00:00:00
42,10,2024-01-23,282,255,1.0,0.915,2024-01-23 00:00:00
43,26,2024-01-23,409,453,1.0,0.933,2024-01-23 00:00:00
44,28,2024-01-23,160,175,1.0,0.983,2024-01-23 00:00:00
45,11,2024-01-24,473,426,0.71,0.95,2024-01-24 00:00:00
46,12,2024-01-24,128,131,1.0,0.921,2024-01-24 00:00:00
47,27,2024-01-25,93,96,1.0,0.972,2024-01-25 00:00:00
48,2,2024-01-26,350,358,1.0,0.934,2024-01-26 00:00:00
49,22,2024-01-26,112,92,1.0,0.913,2024-01-26 00:00:00
50,30,2024-01-26,419,464,0.64,0.897,2024-01-26 00:00:00
51,19,2024-01-27,309,319,1.0,0.866,2024-01-27 00:00:00
52,12,2024-01-28,108,123,1.0,0.936,2024-01-28 00:00:00
53,26,2024-01-28,269,310,1.0,0.942,2024-01-28 00:00:00
54,21,2024-01-28,335,259,0.96,0.974,2024-01-28 00:00:00
55,1,2024-01-29,142,138,1.0,0.903,2024-01-29 00:00:00
56,6,2024-01-29,495,578,0.82,0.86,2024-01-29 00:00:00
57,21,2024-01-30,65,71,1.0,0.918,2024-01-30 00:00:00
58,6,2024-01-30,239,255,1.0,0.899,2024-01-30 00:00:00
59,19,2024-01-30,355,365,1.0,0.943,2024-01-30 00:00:00
60,3,2024-01-31,189,192,1.0,0.914,2024-01-31 00:00:00
61,20,2024-01-31,276,259,1.0,0.902,2024-01-31 00:00:00
62,4,2024-01-31,195,201,1.0,0.939,2024-01-31 00:00:00
63,22,2024-02-01,207,226,1.0,0.851,2024-02-01 00:00:00
64,10,2024-02-01,158,162,1.0,0.965,2024-02-01 00:00:00
65,10,2024-02-01,217,235,1.0,0.869,2024-02-01 00:00:00
66,23,2024-02-02,167,180,1.0,0.975,2024-02-02 00:00:00
67,26,2024-02-02,231,272,0.51,0.988,2024-02-02 00:00:00
68,28,2024-02-02,210,228,1.0,0.936,2024-02-02 00:00:00
69,21,2024-02-03,263,256,1.0,0.876,2024-02-03 00:00:00
70,20,2024-02-03,285,313,1.0,0.988,2024-02-03 00:00:00
71,3,2024-02-03,273,284,1.0,0.929,2024-02-03 00:00:00
72,28,2024-02-04,208,195,1.0,0.883,2024-02-04 00:00:00
73,25,2024-02-04,136,153,1.0,0.879,2024-02-04 00:00:00
74,12,2024-02-05,422,449,1.0,0.947,2024-02-05 00:00:00
75,5,2024-02-05,170,180,1.0,0.873,2024-02-05 00:00:00
76,3,2024-02-06,140,146,1.0,0.944,2024-02-06 00:00:00
77,15,2024-02-06,436,383,1.0,0.982,2024-02-06 00:00:00
78,21,2024-02-06,375,355,1.0,0.898,2024-02-06 00:00:00
79,11,2024-02-07,127,113,1.0,0.969,2024-02-07 00:00:00
80,19,2024-02-07,78,81,1.0,0.861,2024-02-07 00:00:00
81,15,2024-02-07,281,307,1.0,0.947,2024-02-07 00:00:00
82,20,2024-02-08,354,361,1.0,0.919,2024-02-08 00:00:00
83,26,2024-02-09,428,465,1.0,0.948,2024-02-09 00:00:00
84,11,2024-02-09,359,335,1.0,0.873,2024-02-09 00:00:00
85,2,2024-02-09,280,327,1.0,0.957,2024-02-09 00:00:00
86,21,2024-02-10,138,155,0.85,0.999,2024-02-10 00:00:00
87,17,2024-02-10,317,293,1.0,0.908,2024-02-10 00:00:00
88,25,2024-02-10,223,209,1.0,0.858,2024-02-10 00:00:00
89,21,2024-02-11,221,230,1.0,0.893,2024-02-11 00:00:00
90,24,2024-02-11,486,494,1.0,0.986,2024-02-11 00:00:00
91,28,2024-02-11,126,117,0.67,0.995,2024-02-11 00:00:00
92,22,2024-02-12,250,278,0.85,0.863,2024-02-12 00:00:00
93,18,2024-02-12,242,228,0.84,0.992,2024-02-12 00:00:00
94,22,2024-02-12,319,296,0.83,0.926,2024-02-12 00:00:00
95,12,2024-02-13,208,214,1.0,0.923,2024-02-13 00:00:00
96,5,2024-02-14,129,137,0.91,0.865,2024-02-14 00:00:00
97,27,2024-02-15,428,436,1.0,0.965,2024-02-15 00:00:00
98,5,2024-02-15,355,348,1.0,0.874,2024-02-15 00:00:00
99,27,2024-02-15,404,413,1.0,0.916,2024-02-15 00:00:00
100,12,2024-02-16,396,324,1.0,0.995,2024-02-16 00:00:00
101,20,2024-02-16,195,195,1.0,0.886,2024-02-16 00:00:00
102,29,2024-02-17,477,393,1.0,0.952,2024-02-17 00:00:00
103,19,2024-02-17,275,253,1.0,0.929,2024-02-17 00:00:00
104,27,2024-02-18,152,154,1.0,0.871,2024-02-18 00:00:00
105,2,2024-02-19,378,341,1.0,0.957,2024-02-19 00:00:00
106,17,2024-02-19,485,490,0.54,0.874,2024-02-19 00:00:00
107,29,2024-02-20,312,332,1.0,0.883,2024-02-20 00:00:00
108,15,2024-02-20,228,247,1.0,0.912,2024-02-20 00:00:00
109,17,2024-02-21,241,247,1.0,0.854,2024-02-21 00:00:00
110,30,2024-02-21,100,132,1.0,0.947,2024-02-21 00:00:00
111,5,2024-02-22,69,66,1.0,0.871,2024-02-22 00:00:00
112,16,2024-02-23,279,330,1.0,0.986,2024-02-23 00:00:00
113,1,2024-02-23,181,183,1.0,0.941,2024-02-23 00:00:00
114,14,2024-02-23,106,111,1.0,0.886,2024-02-23 00:00:00
115,2,2024-02-24,172,145,1.0,0.867,2024-02-24 00:00:00
116,20,2024-02-25,324,351,0.75,0.886,2024-02-25 00:00:00
117,5,2024-02-25,199,174,1.0,0.912,2024-02-25 00:00:00
118,22,2024-02-26,93,98,1.0,0.904,2024-02-26 00:00:00
119,17,2024-02-26,328,230,1.0,0.909,2024-02-26 00:00:00
120,16,2024-02-26,72,71,1.0,0.997,2024-02-26 00:00:00
121,24,2024-02-27,58,56,1.0,0.949,2024-02-27 00:00:00
122,4,2024-02-27,445,458,1.0,0.964,2024-02-27 00:00:00
123,2,2024-02-28,230,189,1.0,0.967,2024-02-28 00:00:00
124,23,2024-02-29,295,279,1.0,0.972,2024-02-29 00:00:00
125,3,2024-02-29,416,423,1.0,0.857,2024-02-29 00:00:00
126,29,2024-03-01,71,63,1.0,0.897,2024-03-01 00:00:00
127,27,2024-03-02,328,319,1.0,0.893,2024-03-02 00:00:00
128,28,2024-03-02,449,451,0.82,0.891,2024-03-02 00:00:00
129,14,2024-03-03,254,251,1.0,0.996,2024-03-03 00:00:00
130,16,2024-03-03,404,318,1.0,0.989,2024-03-03 00:00:00
131,9,2024-03-04,460,501,1.0,0.999,2024-03-04 00:00:00
132,6,2024-03-04,329,346,1.0,0.865,2024-03-04 00:00:00
133,11,2024-03-04,388,376,1.0,0.875,2024-03-04 00:00:00
134,12,2024-03-05,278,306,0.93,0.903,2024-03-05 00:00:00
135,14,2024-03-05,190,168,0.83,0.911,2024-03-05 00:00:00
136,26,2024-03-06,433,374,1.0,0.993,2024-03-06 00:00:00
137,5,2024-03-06,484,418,0.53,0.967,2024-03-06 00:00:00
138,12,2024-03-06,235,209,1.0,0.935,2024-03-06 00:00:00
139,5,2024-03-07,397,360,1.0,0.862,2024-03-07 00:00:00
140,5,2024-03-07,321,330,1.0,0.897,2024-03-07 00:00:00
141,9,2024-03-07,177,180,1.0,0.928,2024-03-07 00:00:00
142,4,2024-03-08,184,182,1.0,0.956,2024-03-08 00:00:00
143,7,2024-03-08,363,345,1.0,0.868,2024-03-08 00:00:00
144,28,2024-03-08,87,105,1.0,0.985,2024-03-08 00:00:00
145,3,2024-03-09,464,426,1.0,0.902,2024-03-09 00:00:00
146,3,2024-03-09,331,272,1.0,0.984,2024-03-09 00:00:00
147,23,2024-03-10,413,465,1.0,0.926,2024-03-10 00:00:00
148,7,2024-03-11,455,426,0.89,0.854,2024-03-11 00:00:00
149,19,2024-03-12,238,171,0.93,0.86,2024-03-12 00:00:00
150,13,2024-03-12,417,441,1.0,0.929,2024-03-12 00:00:00
151,25,2024-03-12,259,263,1.0,0.946,2024-03-12 00:00:00
152,15,2024-03-13,398,384,1.0,0.869,2024-03-13 00:00:00
153,27,2024-03-13,449,392,1.0,0.869,2024-03-13 00:00:00
154,30,2024-03-14,494,473,0.56,0.873,2024-03-14 00:00:00
155,6,2024-03-14,132,122,1.0,0.991,2024-03-14 00:00:00
156,29,2024-03-14,195,222,1.0,0.888,2024-03-14 00:00:00
157,18,2024-03-15,190,201,1.0,0.925,2024-03-15 00:00:00
158,6,2024-03-15,353,374,1.0,0.873,2024-03-15 00:00:00
159,22,2024-03-15,369,359,1.0,0.935,2024-03-15 00:00:00
160,3,2024-03-16,73,63,1.0,0.966,2024-03-16 00:00:00
161,21,2024-03-17,157,158,1.0,0.925,2024-03-17 00:00:00
162,21,2024-03-17,329,295,1.0,0.993,2024-03-17 00:00:00
163,8,2024-03-18,462,478,1.0,0.953,2024-03-18 00:00:00
164,6,2024-03-18,275,248,1.0,0.92,2024-03-18 00:00:00
165,20,2024-03-19,123,115,1.0,0.979,2024-03-19 00:00:00
166,13,2024-03-19,116,133,1.0,0.927,2024-03-19 00:00:00
167,11,2024-03-20,173,159,1.0,0.865,2024-03-20 00:00:00
168,13,2024-03-21,492,500,1.0,0.887,2024-03-21 00:00:00
169,28,2024-03-21,131,142,1.0,0.878,2024-03-21 00:00:00
170,16,2024-03-22,313,245,1.0,0.982,2024-03-22 00:00:00
171,1,2024-03-23,96,106,1.0,0.882,2024-03-23 00:00:00
172,12,2024-03-23,74,71,0.74,0.982,2024-03-23 00:00:00
173,22,2024-03-24,290,289,0.57,0.89,2024-03-24 00:00:00
174,12,2024-03-24,441,446,1.0,0.857,2024-03-24 00:00:00
175,2,2024-03-24,341,311,1.0,0.908,2024-03-24 00:00:00
176,25,2024-03-25,331,319,1.0,0.998,2024-03-25 00:00:00
177,22,2024-03-25,362,434,1.0,0.969,2024-03-25 00:00:00
178,18,2024-03-26,237,280,1.0,0.88,2024-03-26 00:00:00
179,17,2024-03-26,255,247,0.66,0.921,2024-03-26 00:00:00
180,5,2024-03-27,360,359,1.0,0.871,2024-03-27 00:00:00
181,30,2024-03-27,363,347,1.0,0.976,2024-03-27 00:00:00
182,11,2024-03-28,309,337,1.0,0.93,2024-03-28 00:00:00
183,23,2024-03-28,338,318,1.0,0.951,2024-03-28 00:00:00
184,14,2024-03-28,348,408,1.0,0.985,2024-03-28 00:00:00
185,21,2024-03-29,63,58,1.0,0.996,2024-03-29 00:00:00
186,19,2024-03-29,345,329,1.0,0.858,2024-03-29 00:00:00
187,16,2024-03-29,137,115,1.0,0.907,2024-03-29 00:00:00
188,8,2024-03-30,66,64,1.0,0.955,2024-03-30 00:00:00
189,7,2024-03-30,59,53,1.0,0.881,2024-03-30 00:00:00
190,17,2024-03-30,446,462,1.0,0.921,2024-03-30 00:00:00
191,24,2024-03-31,81,78,1.0,1.0,2024-03-31 00:00:00
192,16,2024-03-31,319,281,1.0,0.994,2024-03-31 00:00:00
193,15,2024-03-31,322,305,1.0,0.958,2024-03-31 00:00:00
194,26,2024-04-01,404,435,1.0,0.923,2024-04-01 00:00:00
195,8,2024-04-01,192,179,1.0,0.895,2024-04-01 00:00:00
196,10,2024-04-01,410,399,1.0,0.956,2024-04-01 00:00:00
197,16,2024-04-02,228,178,1.0,0.893,2024-04-02 00:00:00
198,19,2024-04-02,396,361,1.0,0.984,2024-04-02 00:00:00
199,27,2024-04-03,226,265,1.0,0.893,2024-04-03 00:00:00
200,23,2024-04-03,90,85,1.0,0.916,2024-04-03 00:00:00
201,24,2024-04-04,295,307,1.0,0.934,2024-04-04 00:00:00
202,9,2024-04-04,120,141,0.86,0.886,2024-04-04 00:00:00
203,22,2024-04-05,321,324,0.66,0.921,2024-04-05 00:00:00
204,25,2024-04-06,120,128,0.77,0.989,2024-04-06 00:00:00
205,14,2024-04-06,384,456,1.0,0.88,2024-04-06 00:00:00
206,10,2024-04-06,214,196,1.0,0.859,2024-04-06 00:00:00
207,21,2024-04-07,343,349,1.0,0.856,2024-04-07 00:00:00
208,14,2024-04-08,478,555,1.0,0.988,2024-04-08 00:00:00
209,26,2024-04-09,303,322,1.0,0.893,2024-04-09 00:00:00
210,2,2024-04-09,54,62,1.0,0.94,2024-04-09 00:00:00
211,10,2024-04-10,282,317,1.0,0.991,2024-04-10 00:00:00
212,28,2024-04-10,308,305,1.0,0.879,2024-04-10 00:00:00
213,11,2024-04-11,133,130,1.0,0.852,2024-04-11 00:00:00
214,26,2024-04-12,201,172,1.0,0.964,2024-04-12 00:00:00
215,6,2024-04-12,362,409,1.0,0.927,2024-04-12 00:00:00
216,13,2024-04-13,392,326,0.98,0.922,2024-04-13 00:00:00
217,1,2024-04-14,183,168,1.0,0.899,2024-04-14 00:00:00
218,24,2024-04-15,343,367,0.82,0.954,2024-04-15 00:00:00
219,2,2024-04-15,391,415,1.0,0.925,2024-04-15 00:00:00
220,29,2024-04-15,410,433,1.0,0.954,2024-04-15 00:00:00
221,30,2024-04-16,201,191,1.0,0.922,2024-04-16 00:00:00
222,15,2024-04-16,432,454,1.0,0.906,2024-04-16 00:00:00
223,23,2024-04-16,331,378,1.0,0.974,2024-04-16 00:00:00
224,22,2024-04-17,436,397,1.0,0.968,2024-04-17 00:00:00
225,15,2024-04-18,320,316,1.0,0.859,2024-04-18 00:00:00
226,18,2024-04-18,308,296,1.0,0.93,2024-04-18 00:00:00
227,6,2024-04-18,217,231,1.0,0.958,2024-04-18 00:00:00
228,3,2024-04-19,311,284,1.0,0.858,2024-04-19 00:00:00
229,5,2024-04-19,312,277,1.0,0.951,2024-04-19 00:00:00
230,24,2024-04-20,61,64,1.0,0.972,2024-04-20 00:00:00
231,24,2024-04-20,161,156,1.0,0.86,2024-04-20 00:00:00
232,30,2024-04-21,85,83,1.0,0.921,2024-04-21 00:00:00
233,14,2024-04-22,142,144,1.0,0.947,2024-04-22 00:00:00
234,14,2024-04-22,241,200,1.0,0.907,2024-04-22 00:00:00
235,13,2024-04-23,91,85,1.0,0.948,2024-04-23 00:00:00
236,12,2024-04-23,110,95,1.0,0.931,2024-04-23 00:00:00
237,5,2024-04-24,422,501,1.0,0.997,2024-04-24 00:00:00
238,15,2024-04-24,394,384,1.0,0.914,2024-04-24 00:00:00
239,13,2024-04-24,471,477,1.0,0.878,2024-04-24 00:00:00
240,25,2024-04-25,107,118,0.82,0.942,2024-04-25 00:00:00
241,30,2024-04-25,58,58,1.0,0.917,2024-04-25 00:00:00
242,22,2024-04-25,410,425,1.0,0.887,2024-04-25 00:00:00
243,13,2024-04-26,274,275,1.0,0.858,2024-04-26 00:00:00
244,10,2024-04-27,169,180,1.0,0.96,2024-04-27 00:00:00
245,11,2024-04-27,345,302,1.0,0.895,2024-04-27 00:00:00
246,5,2024-04-27,388,354,1.0,0.912,2024-04-27 00:00:00
247,2,2024-04-28,335,400,1.0,0.944,2024-04-28 00:00:00
248,14,2024-04-28,334,312,1.0,0.996,2024-04-28 00:00:00
249,22,2024-04-29,245,249,1.0,0.872,2024-04-29 00:00:00
250,13,2024-04-29,144,131,1.0,0.921,2024-04-29 00:00:00
251,28,2024-04-29,165,156,1.0,0.987,2024-04-29 00:00:00
252,14,2024-04-30,263,302,1.0,0.87,2024-04-30 00:00:00
253,8,2024-04-30,180,187,1.0,0.977,2024-04-30 00:00:00
254,3,2024-04-30,324,368,1.0,0.879,2024-04-30 00:00:00
255,13,2024-05-01,394,385,0.89,0.938,2024-05-01 00:00:00
256,22,2024-05-01,336,330,1.0,0.881,2024-05-01 00:00:00
257,10,2024-05-02,57,57,1.0,0.962,2024-05-02 00:00:00
258,25,2024-05-02,295,313,1.0,0.954,2024-05-02 00:00:00
259,7,2024-05-03,253,280,1.0,0.907,2024-05-03 00:00:00
260,18,2024-05-03,382,357,1.0,0.889,2024-05-03 00:00:00
261,17,2024-05-03,304,250,1.0,0.964,2024-05-03 00:00:00
262,30,2024-05-04,154,159,1.0,0.912,2024-05-04 00:00:00
263,19,2024-05-04,492,496,1.0,0.99,2024-05-04 00:00:00
264,24,2024-05-05,263,277,1.0,0.879,2024-05-05 00:00:00
265,8,2024-05-05,244,227,1.0,0.992,2024-05-05 00:00:00
266,11,2024-05-05,181,175,1.0,0.923,2024-05-05 00:00:00
267,21,2024-05-06,428,402,1.0,0.875,2024-05-06 00:00:00
268,24,2024-05-06,329,330,1.0,0.988,2024-05-06 00:00:00
269,18,2024-05-06,378,422,1.0,0.861,2024-05-06 00:00:00
270,2,2024-05-07,441,426,0.57,0.945,2024-05-07 00:00:00
271,3,2024-05-07,412,428,1.0,0.859,2024-05-07 00:00:00
272,21,2024-05-07,391,413,1.0,0.987,2024-05-07 00:00:00
273,16,2024-05-08,58,65,0.76,0.891,2024-05-08 00:00:00
274,10,2024-05-08,58,58,1.0,0.955,2024-05-08 00:00:00
275,14,2024-05-08,462,488,1.0,0.929,2024-05-08 00:00:00
276,7,2024-05-09,367,358,1.0,0.972,2024-05-09 00:00:00
277,26,2024-05-10,253,309,1.0,0.886,2024-05-10 00:00:00
278,23,2024-05-10,165,184,1.0,0.974,2024-05-10 00:00:00
279,21,2024-05-11,489,481,1.0,0.907,2024-05-11 00:00:00
280,2,2024-05-12,376,368,0.58,0.925,2024-05-12 00:00:00
281,14,2024-05-12,380,390,1.0,0.864,2024-05-12 00:00:00
282,30,2024-05-13,71,62,1.0,0.985,2024-05-13 00:00:00
283,23,2024-05-13,340,329,0.95,0.985,2024-05-13 00:00:00
284,19,2024-05-13,386,387,0.96,0.897,2024-05-13 00:00:00
285,19,2024-05-14,123,123,1.0,0.862,2024-05-14 00:00:00
286,19,2024-05-15,173,145,1.0,0.977,2024-05-15 00:00:00
287,29,2024-05-16,326,299,0.98,0.959,2024-05-16 00:00:00
288,17,2024-05-16,431,494,1.0,0.858,2024-05-16 00:00:00
289,14,2024-05-16,168,176,1.0,0.993,2024-05-16 00:00:00
290,25,2024-05-17,217,200,0.63,0.999,2024-05-17 00:00:00
291,16,2024-05-17,166,141,1.0,0.952,2024-05-17 00:00:00
292,13,2024-05-18,93,110,1.0,0.894,2024-05-18 00:00:00
293,8,2024-05-18,415,444,1.0,0.968,2024-05-18 00:00:00
294,5,2024-05-18,428,443,1.0,0.904,2024-05-18 00:00:00
295,1,2024-05-19,207,174,0.54,0.915,2024-05-19 00:00:00
296,18,2024-05-20,312,329,1.0,0.854,2024-05-20 00:00:00
297,12,2024-05-20,333,370,1.0,0.908,2024-05-20 00:00:00
298,10,2024-05-20,261,280,1.0,0.863,2024-05-20 00:00:00
299,29,2024-05-21,174,164,1.0,0.871,2024-05-21 00:00:00
300,10,2024-05-21,187,182,1.0,0.859,2024-05-21 00:00:00
301,14,2024-05-21,191,171,0.62,0.887,2024-05-21 00:00:00
302,16,2024-05-22,354,373,1.0,0.919,2024-05-22 00:00:00
303,5,2024-05-22,205,225,1.0,0.907,2024-05-22 00:00:00
304,28,2024-05-22,218,218,1.0,0.915,2024-05-22 00:00:00
305,20,2024-05-23,119,113,1.0,0.922,2024-05-23 00:00:00
306,6,2024-05-23,253,285,1.0,0.894,2024-05-23 00:00:00
307,23,2024-05-23,374,325,1.0,0.906,2024-05-23 00:00:00
308,12,2024-05-24,108,108,1.0,0.88,2024-05-24 00:00:00
309,18,2024-05-24,142,134,1.0,0.919,2024-05-24 00:00:00
310,7,2024-05-25,274,242,1.0,0.975,2024-05-25 00:00:00
311,3,2024-05-25,469,517,1.0,0.871,2024-05-25 00:00:00
312,10,2024-05-25,173,147,1.0,0.873,2024-05-25 00:00:00
313,26,2024-05-26,243,309,1.0,0.91,2024-05-26 00:00:00
314,17,2024-05-26,495,562,1.0,0.932,2024-05-26 00:00:00
315,23,2024-05-27,465,400,0.88,0.949,2024-05-27 00:00:00
316,12,2024-05-27,135,130,1.0,0.857,2024-05-27 00:00:00
317,22,2024-05-28,381,329,1.0,0.915,2024-05-28 00:00:00
318,1,2024-05-28,100,109,1.0,0.927,2024-05-28 00:00:00
319,17,2024-05-28,335,296,1.0,0.909,2024-05-28 00:00:00
320,19,2024-05-29,403,377,1.0,0.902,2024-05-29 00:00:00
321,1,2024-05-29,297,321,1.0,0.867,2024-05-29 00:00:00
322,24,2024-05-29,122,129,1.0,0.901,2024-05-29 00:00:00
323,17,2024-05-30,297,289,1.0,0.918,2024-05-30 00:00:00
324,10,2024-05-31,72,74,1.0,0.867,2024-05-31 00:00:00
325,21,2024-06-01,105,102,1.0,0.887,2024-06-01 00:00:00
326,6,2024-06-01,332,314,1.0,0.934,2024-06-01 00:00:00
327,8,2024-06-02,458,433,1.0,0.915,2024-06-02 00:00:00
328,1,2024-06-02,427,442,1.0,0.88,2024-06-02 00:00:00
329,14,2024-06-03,249,266,1.0,0.956,2024-06-03 00:00:00
330,26,2024-06-03,82,82,1.0,0.97,2024-06-03 00:00:00
331,18,2024-06-03,145,138,0.83,0.923,2024-06-03 00:00:00
332,11,2024-06-04,355,372,1.0,0.909,2024-06-04 00:00:00
333,4,2024-06-04,228,212,1.0,0.951,2024-06-04 00:00:00
334,26,2024-06-04,202,219,1.0,0.939,2024-06-04 00:00:00
335,5,2024-06-05,210,223,1.0,0.954,2024-06-05 00:00:00
336,17,2024-06-05,248,262,1.0,0.871,2024-06-05 00:00:00
337,13,2024-06-05,266,280,1.0,0.947,2024-06-05 00:00:00
338,18,2024-06-06,135,152,1.0,0.871,2024-06-06 00:00:00
339,27,2024-06-07,280,238,1.0,0.923,2024-06-07 00:00:00
340,7,2024-06-07,467,403,1.0,0.934,2024-06-07 00:00:00
341,16,2024-06-08,259,248,1.0,0.923,2024-06-08 00:00:00
342,3,2024-06-08,339,306,0.87,0.894,2024-06-08 00:00:00
343,9,2024-06-08,165,155,1.0,0.961,2024-06-08 00:00:00
344,18,2024-06-09,311,306,0.56,0.966,2024-06-09 00:00:00
345,27,2024-06-09,237,198,1.0,0.916,2024-06-09 00:00:00
346,14,2024-06-10,102,97,1.0,0.948,2024-06-10 00:00:00
347,10,2024-06-11,497,551,1.0,0.973,2024-06-11 00:00:00
348,28,2024-06-12,110,109,1.0,0.886,2024-06-12 00:00:00
349,26,2024-06-12,427,393,1.0,0.945,2024-06-12 00:00:00
350,20,2024-06-13,121,115,1.0,0.972,2024-06-13 00:00:00
351,19,2024-06-14,229,198,1.0,0.997,2024-06-14 00:00:00
352,10,2024-06-15,343,333,1.0,0.979,2024-06-15 00:00:00
353,29,2024-06-15,397,405,1.0,0.912,2024-06-15 00:00:00
354,9,2024-06-16,493,468,1.0,0.955,2024-06-16 00:00:00
355,8,2024-06-17,124,118,1.0,0.951,2024-06-17 00:00:00
356,5,2024-06-18,345,282,1.0,0.944,2024-06-18 00:00:00
357,13,2024-06-18,281,325,1.0,0.91,2024-06-18 00:00:00
358,9,2024-06-19,405,437,1.0,0.905,2024-06-19 00:00:00
359,16,2024-06-19,217,178,1.0,0.864,2024-06-19 00:00:00
360,15,2024-06-19,375,337,1.0,0.904,2024-06-19 00:00:00
361,26,2024-06-20,323,255,1.0,0.924,2024-06-20 00:00:00
362,27,2024-06-21,195,225,1.0,0.937,2024-06-21 00:00:00
363,19,2024-06-21,486,441,1.0,0.857,2024-06-21 00:00:00
364,21,2024-06-22,451,454,1.0,0.852,2024-06-22 00:00:00
365,15,2024-06-23,283,354,1.0,0.953,2024-06-23 00:00:00
366,29,2024-06-24,382,382,1.0,0.981,2024-06-24 00:00:00
367,3,2024-06-25,385,374,1.0,0.947,2024-06-25 00:00:00
368,2,2024-06-25,252,260,1.0,0.959,2024-06-25 00:00:00
369,14,2024-06-26,385,399,1.0,0.862,2024-06-26 00:00:00
370,8,2024-06-27,315,322,1.0,0.851,2024-06-27 00:00:00
371,23,2024-06-27,225,252,1.0,0.87,2024-06-27 00:00:00
372,3,2024-06-27,167,121,1.0,0.96,2024-06-27 00:00:00
373,4,2024-06-28,210,198,1.0,0.972,2024-06-28 00:00:00
374,21,2024-06-29,396,420,0.76,0.851,2024-06-29 00:00:00
375,6,2024-06-30,275,263,1.0,0.988,2024-06-30 00:00:00
376,20,2024-06-30,401,423,1.0,0.883,2024-06-30 00:00:00
377,29,2024-06-30,101,104,1.0,0.903,2024-06-30 00:00:00
378,11,2024-07-01,455,472,0.64,0.863,2024-07-01 00:00:00
379,18,2024-07-01,357,317,1.0,0.954,2024-07-01 00:00:00
380,29,2024-07-02,204,187,1.0,0.941,2024-07-02 00:00:00
381,7,2024-07-02,432,383,1.0,0.969,2024-07-02 00:00:00
382,8,2024-07-02,303,330,1.0,0.886,2024-07-02 00:00:00
383,20,2024-07-03,86,62,1.0,0.99,2024-07-03 00:00:00
384,5,2024-07-03,248,235,1.0,0.935,2024-07-03 00:00:00
385,12,2024-07-03,329,306,1.0,0.966,2024-07-03 00:00:00
386,19,2024-07-04,84,70,0.61,0.988,2024-07-04 00:00:00
387,17,2024-07-05,196,180,1.0,0.955,2024-07-05 00:00:00
388,3,2024-07-05,377,344,1.0,0.942,2024-07-05 00:00:00
389,3,2024-07-06,208,249,1.0,0.873,2024-07-06 00:00:00
390,11,2024-07-06,250,276,1.0,0.964,2024-07-06 00:00:00
391,22,2024-07-07,379,432,1.0,0.977,2024-07-07 00:00:00
392,2,2024-07-07,175,185,0.71,0.918,2024-07-07 00:00:00
393,20,2024-07-07,78,73,1.0,0.868,2024-07-07 00:00:00
394,5,2024-07-08,409,471,0.74,0.902,2024-07-08 00:00:00
395,17,2024-07-08,450,465,1.0,0.962,2024-07-08 00:00:00
396,28,2024-07-08,187,173,1.0,0.868,2024-07-08 00:00:00
397,11,2024-07-09,463,412,1.0,0.996,2024-07-09 00:00:00
398,3,2024-07-10,304,319,1.0,0.904,2024-07-10 00:00:00
399,16,2024-07-10,489,446,1.0,0.865,2024-07-10 00:00:00
400,19,2024-07-10,395,379,1.0,0.884,2024-07-10 00:00:00
401,1,2024-07-11,72,72,0.68,0.988,2024-07-11 00:00:00
402,6,2024-07-11,489,483,0.89,0.957,2024-07-11 00:00:00
403,21,2024-07-11,264,267,1.0,0.898,2024-07-11 00:00:00
404,19,2024-07-12,240,257,0.83,0.858,2024-07-12 00:00:00
405,26,2024-07-13,314,391,0.73,0.892,2024-07-13 00:00:00
406,11,2024-07-14,94,91,1.0,0.851,2024-07-14 00:00:00
407,7,2024-07-14,199,183,1.0,0.92,2024-07-14 00:00:00
408,16,2024-07-15,445,430,1.0,0.96,2024-07-15 00:00:00
409,18,2024-07-15,439,446,1.0,0.854,2024-07-15 00:00:00
410,18,2024-07-15,227,214,1.0,0.954,2024-07-15 00:00:00
411,11,2024-07-16,50,50,1.0,0.896,2024-07-16 00:00:00
412,17,2024-07-17,171,154,1.0,0.994,2024-07-17 00:00:00
413,23,2024-07-18,193,229,1.0,0.928,2024-07-18 00:00:00
414,29,2024-07-19,240,269,1.0,0.962,2024-07-19 00:00:00
415,19,2024-07-19,98,84,1.0,0.939,2024-07-19 00:00:00
416,2,2024-07-19,272,270,1.0,0.87,2024-07-19 00:00:00
417,9,2024-07-20,485,450,1.0,0.96,2024-07-20 00:00:00
418,11,2024-07-20,281,327,1.0,0.861,2024-07-20 00:00:00
419,5,2024-07-21,449,451,0.72,0.897,2024-07-21 00:00:00
420,18,2024-07-22,233,221,1.0,0.881,2024-07-22 00:00:00
421,15,2024-07-23,185,189,1.0,0.896,2024-07-23 00:00:00
422,23,2024-07-23,406,391,1.0,0.882,2024-07-23 00:00:00
423,5,2024-07-24,96,89,1.0,0.857,2024-07-24 00:00:00
424,10,2024-07-24,183,136,1.0,0.876,2024-07-24 00:00:00
425,28,2024-07-25,281,247,0.55,0.969,2024-07-25 00:00:00
426,4,2024-07-25,56,53,0.88,0.883,2024-07-25 00:00:00
427,27,2024-07-26,255,230,1.0,0.937,2024-07-26 00:00:00
428,30,2024-07-27,466,513,0.99,0.88,2024-07-27 00:00:00
429,21,2024-07-27,277,281,1.0,0.971,2024-07-27 00:00:00
430,2,2024-07-28,286,274,0.95,0.915,2024-07-28 00:00:00
431,13,2024-07-29,304,349,1.0,0.882,2024-07-29 00:00:00
432,6,2024-07-29,190,195,1.0,0.983,2024-07-29 00:00:00
433,2,2024-07-29,364,343,1.0,0.912,2024-07-29 00:00:00
434,16,2024-07-30,81,76,0.69,0.913,2024-07-30 00:00:00
435,21,2024-07-30,458,394,1.0,0.969,2024-07-30 00:00:00
436,13,2024-07-30,450,439,1.0,0.922,2024-07-30 00:00:00
437,12,2024-07-31,339,305,1.0,0.898,2024-07-31 00:00:00
438,8,2024-07-31,65,64,1.0,0.967,2024-07-31 00:00:00
439,26,2024-08-01,291,242,1.0,0.996,2024-08-01 00:00:00
440,8,2024-08-02,386,373,1.0,0.93,2024-08-02 00:00:00
441,2,2024-08-03,441,472,1.0,0.97,2024-08-03 00:00:00
442,12,2024-08-03,479,478,1.0,0.876,2024-08-03 00:00:00
443,8,2024-08-03,353,329,1.0,0.939,2024-08-03 00:00:00
444,23,2024-08-04,230,264,1.0,0.935,2024-08-04 00:00:00
445,19,2024-08-04,146,159,1.0,0.931,2024-08-04 00:00:00
446,6,2024-08-04,301,254,0.53,0.94,2024-08-04 00:00:00
447,17,2024-08-05,294,359,1.0,0.87,2024-08-05 00:00:00
448,6,2024-08-06,460,460,1.0,0.899,2024-08-06 00:00:00
449,1,2024-08-06,125,101,1.0,0.977,2024-08-06 00:00:00
450,28,2024-08-06,236,208,1.0,0.906,2024-08-06 00:00:00
451,13,2024-08-07,350,373,0.58,0.992,2024-08-07 00:00:00
452,26,2024-08-07,377,395,1.0,0.947,2024-08-07 00:00:00
453,6,2024-08-07,412,474,1.0,0.968,2024-08-07 00:00:00
454,22,2024-08-08,351,340,1.0,0.907,2024-08-08 00:00:00
455,23,2024-08-09,200,222,1.0,0.992,2024-08-09 00:00:00
456,13,2024-08-09,485,541,1.0,0.995,2024-08-09 00:00:00
457,2,2024-08-09,143,117,1.0,0.883,2024-08-09 00:00:00
458,4,2024-08-10,304,262,0.87,0.886,2024-08-10 00:00:00
459,11,2024-08-10,135,112,1.0,0.951,2024-08-10 00:00:00
460,24,2024-08-10,221,178,1.0,0.89,2024-08-10 00:00:00
461,23,2024-08-11,84,75,1.0,0.857,2024-08-11 00:00:00
462,24,2024-08-12,264,301,1.0,0.983,2024-08-12 00:00:00
463,16,2024-08-12,243,228,1.0,0.968,2024-08-12 00:00:00
464,21,2024-08-13,438,472,1.0,0.874,2024-08-13 00:00:00
465,3,2024-08-13,459,480,1.0,0.993,2024-08-13 00:00:00
466,3,2024-08-13,225,209,1.0,0.906,2024-08-13 00:00:00
467,3,2024-08-14,330,415,1.0,0.998,2024-08-14 00:00:00
468,29,2024-08-14,297,267,1.0,0.915,2024-08-14 00:00:00
469,21,2024-08-14,134,122,0.66,0.996,2024-08-14 00:00:00
470,23,2024-08-15,333,310,1.0,0.959,2024-08-15 00:00:00
471,9,2024-08-15,388,382,0.78,0.976,2024-08-15 00:00:00
472,2,2024-08-16,234,250,0.54,0.974,2024-08-16 00:00:00
473,20,2024-08-17,295,297,1.0,0.894,2024-08-17 00:00:00
474,3,2024-08-17,292,298,1.0,0.896,2024-08-17 00:00:00
475,13,2024-08-17,291,248,0.77,0.878,2024-08-17 00:00:00
476,12,2024-08-18,145,146,1.0,0.889,2024-08-18 00:00:00
477,15,2024-08-18,184,186,0.87,0.95,2024-08-18 00:00:00
478,22,2024-08-19,226,243,1.0,0.912,2024-08-19 00:00:00
479,8,2024-08-20,333,363,1.0,0.995,2024-08-20 00:00:00
480,22,2024-08-20,493,511,1.0,0.936,2024-08-20 00:00:00
481,8,2024-08-20,293,284,1.0,0.855,2024-08-20 00:00:00
482,29,2024-08-21,314,343,1.0,0.952,2024-08-21 00:00:00
483,20,2024-08-21,125,140,1.0,0.998,2024-08-21 00:00:00
484,7,2024-08-21,463,516,1.0,0.856,2024-08-21 00:00:00
485,22,2024-08-22,272,287,0.79,0.898,2024-08-22 00:00:00
486,30,2024-08-23,463,545,0.69,0.91,2024-08-23 00:00:00
487,11,2024-08-23,488,479,1.0,0.968,2024-08-23 00:00:00
488,20,2024-08-23,350,388,1.0,0.913,2024-08-23 00:00:00
489,5,2024-08-24,125,109,1.0,0.865,2024-08-24 00:00:00
490,4,2024-08-24,338,319,1.0,0.968,2024-08-24 00:00:00
491,29,2024-08-25,226,238,1.0,0.936,2024-08-25 00:00:00
492,16,2024-08-25,69,65,1.0,0.91,2024-08-25 00:00:00
493,20,2024-08-25,361,345,1.0,0.982,2024-08-25 00:00:00
494,8,2024-08-26,75,68,1.0,0.988,2024-08-26 00:00:00
495,29,2024-08-26,240,283,1.0,0.892,2024-08-26 00:00:00
496,16,2024-08-26,489,500,1.0,0.865,2024-08-26 00:00:00
497,5,2024-08-27,203,224,1.0,0.89,2024-08-27 00:00:00
498,20,2024-08-28,380,373,0.72,0.987,2024-08-28 00:00:00
499,14,2024-08-28,429,377,1.0,0.858,2024-08-28 00:00:00
500,3,2024-08-29,209,211,1.0,0.911,2024-08-29 00:00:00
501,29,2024-08-30,341,362,1.0,0.976,2024-08-30 00:00:00
502,8,2024-08-30,66,66,1.0,0.988,2024-08-30 00:00:00
503,23,2024-08-30,151,146,1.0,0.945,2024-08-30 00:00:00
504,22,2024-08-31,65,76,1.0,0.923,2024-08-31 00:00:00
505,6,2024-09-01,495,433,1.0,0.976,2024-09-01 00:00:00
506,9,2024-09-01,433,441,1.0,0.864,2024-09-01 00:00:00
507,13,2024-09-02,75,80,1.0,0.979,2024-09-02 00:00:00
508,8,2024-09-03,396,440,1.0,0.948,2024-09-03 00:00:00
509,17,2024-09-03,60,70,1.0,0.921,2024-09-03 00:00:00
510,5,2024-09-03,381,306,1.0,0.97,2024-09-03 00:00:00
511,9,2024-09-04,361,371,1.0,0.946,2024-09-04 00:00:00
512,29,2024-09-05,242,222,1.0,0.919,2024-09-05 00:00:00
513,7,2024-09-05,288,276,1.0,0.938,2024-09-05 00:00:00
514,17,2024-09-06,389,433,1.0,0.976,2024-09-06 00:00:00
515,21,2024-09-07,354,330,0.53,0.998,2024-09-07 00:00:00
516,21,2024-09-07,216,204,1.0,0.889,2024-09-07 00:00:00
517,23,2024-09-07,383,376,1.0,0.985,2024-09-07 00:00:00
518,13,2024-09-08,388,409,1.0,0.871,2024-09-08 00:00:00
519,1,2024-09-08,385,352,1.0,0.911,2024-09-08 00:00:00
520,24,2024-09-08,68,68,1.0,0.999,2024-09-08 00:00:00
521,11,2024-09-09,421,406,1.0,0.921,2024-09-09 00:00:00
522,12,2024-09-10,309,263,1.0,0.875,2024-09-10 00:00:00
523,22,2024-09-10,498,459,1.0,0.961,2024-09-10 00:00:00
524,24,2024-09-10,463,449,1.0,0.987,2024-09-10 00:00:00
525,29,2024-09-11,221,212,1.0,0.981,2024-09-11 00:00:00
526,14,2024-09-11,453,426,1.0,0.906,2024-09-11 00:00:00
527,19,2024-09-11,200,190,0.81,0.937,2024-09-11 00:00:00
528,3,2024-09-12,291,294,1.0,0.925,2024-09-12 00:00:00
529,28,2024-09-12,398,373,0.92,0.871,2024-09-12 00:00:00
530,7,2024-09-12,225,237,1.0,0.935,2024-09-12 00:00:00
531,5,2024-09-13,211,219,0.66,0.998,2024-09-13 00:00:00
532,11,2024-09-13,374,356,0.72,0.881,2024-09-13 00:00:00
533,19,2024-09-14,441,483,1.0,0.869,2024-09-14 00:00:00
534,21,2024-09-15,269,308,1.0,0.995,2024-09-15 00:00:00
535,13,2024-09-15,52,55,1.0,0.852,2024-09-15 00:00:00
536,25,2024-09-16,476,483,1.0,0.853,2024-09-16 00:00:00
537,1,2024-09-16,370,367,1.0,0.897,2024-09-16 00:00:00
538,13,2024-09-17,307,285,1.0,0.875,2024-09-17 00:00:00
539,10,2024-09-18,198,174,1.0,0.915,2024-09-18 00:00:00
540,5,2024-09-19,225,232,1.0,0.924,2024-09-19 00:00:00
541,25,2024-09-19,146,162,1.0,0.853,2024-09-19 00:00:00
542,8,2024-09-19,422,501,1.0,0.882,2024-09-19 00:00:00
543,19,2024-09-20,308,322,1.0,0.856,2024-09-20 00:00:00
544,9,2024-09-21,444,481,1.0,0.857,2024-09-21 00:00:00
545,2,2024-09-21,388,445,0.56,0.917,2024-09-21 00:00:00
546,4,2024-09-21,330,369,1.0,0.955,2024-09-21 00:00:00
547,23,2024-09-22,401,377,1.0,0.949,2024-09-22 00:00:00
548,20,2024-09-23,360,337,1.0,0.913,2024-09-23 00:00:00
549,29,2024-09-23,103,88,1.0,0.968,2024-09-23 00:00:00
550,7,2024-09-24,361,357,1.0,0.889,2024-09-24 00:00:00
551,17,2024-09-24,153,143,1.0,0.932,2024-09-24 00:00:00
552,23,2024-09-25,296,319,1.0,0.85,2024-09-25 00:00:00
553,3,2024-09-26,106,114,0.54,0.927,2024-09-26 00:00:00
554,24,2024-09-26,420,366,0.63,0.885,2024-09-26 00:00:00
555,10,2024-09-26,185,176,1.0,0.856,2024-09-26 00:00:00
556,12,2024-09-27,460,464,1.0,0.914,2024-09-27 00:00:00
557,4,2024-09-27,98,110,0.57,0.947,2024-09-27 00:00:00
558,12,2024-09-28,274,227,1.0,0.89,2024-09-28 00:00:00
559,24,2024-09-28,97,90,0.7,0.918,2024-09-28 00:00:00
560,23,2024-09-29,485,516,1.0,0.913,2024-09-29 00:00:00
561,29,2024-09-29,458,470,1.0,0.997,2024-09-29 00:00:00
562,4,2024-09-30,263,275,1.0,0.922,2024-09-30 00:00:00
563,22,2024-10-01,274,285,1.0,0.854,2024-10-01 00:00:00
564,22,2024-10-01,500,544,1.0,0.996,2024-10-01 00:00:00
565,5,2024-10-01,297,309,1.0,0.857,2024-10-01 00:00:00
566,21,2024-10-02,210,205,0.93,0.929,2024-10-02 00:00:00
567,24,2024-10-02,345,340,1.0,0.981,2024-10-02 00:00:00
568,17,2024-10-03,402,373,1.0,0.864,2024-10-03 00:00:00
569,22,2024-10-03,422,422,1.0,0.908,2024-10-03 00:00:00
570,27,2024-10-03,473,516,1.0,0.998,2024-10-03 00:00:00
571,1,2024-10-04,379,420,1.0,0.924,2024-10-04 00:00:00
572,3,2024-10-05,434,413,1.0,0.886,2024-10-05 00:00:00
573,2,2024-10-06,309,316,1.0,0.885,2024-10-06 00:00:00
574,15,2024-10-06,277,316,1.0,0.917,2024-10-06 00:00:00
575,15,2024-10-07,211,229,1.0,0.865,2024-10-07 00:00:00
576,14,2024-10-07,68,73,1.0,0.85,2024-10-07 00:00:00
577,26,2024-10-08,359,408,1.0,0.934,2024-10-08 00:00:00
578,22,2024-10-09,283,273,1.0,0.905,2024-10-09 00:00:00
579,2,2024-10-09,468,476,1.0,0.943,2024-10-09 00:00:00
580,16,2024-10-09,416,461,1.0,0.957,2024-10-09 00:00:00
581,4,2024-10-10,438,436,1.0,0.945,2024-10-10 00:00:00
582,18,2024-10-11,317,315,1.0,0.866,2024-10-11 00:00:00
583,29,2024-10-11,134,109,1.0,0.911,2024-10-11 00:00:00
584,20,2024-10-12,150,151,1.0,0.99,2024-10-12 00:00:00
585,13,2024-10-12,160,133,1.0,0.866,2024-10-12 00:00:00
586,2,2024-10-13,374,391,1.0,0.938,2024-10-13 00:00:00
587,25,2024-10-13,280,243,1.0,0.995,2024-10-13 00:00:00
588,17,2024-10-14,426,441,0.96,0.976,2024-10-14 00:00:00
589,30,2024-10-15,310,323,1.0,0.876,2024-10-15 00:00:00
590,27,2024-10-15,115,90,0.82,0.941,2024-10-15 00:00:00
591,17,2024-10-16,246,216,1.0,0.887,2024-10-16 00:00:00
592,13,2024-10-16,225,240,1.0,0.918,2024-10-16 00:00:00
593,5,2024-10-17,261,217,1.0,0.976,2024-10-17 00:00:00
594,28,2024-10-18,210,183,1.0,0.99,2024-10-18 00:00:00
595,21,2024-10-18,161,167,1.0,0.902,2024-10-18 00:00:00
596,22,2024-10-18,117,132,1.0,0.948,2024-10-18 00:00:00
597,17,2024-10-19,327,317,0.67,0.922,2024-10-19 00:00:00
598,22,2024-10-20,413,378,1.0,0.962,2024-10-20 00:00:00
599,27,2024-10-20,323,308,1.0,0.928,2024-10-20 00:00:00
600,1,2024-10-20,245,291,0.83,0.88,2024-10-20 00:00:00
601,10,2024-10-21,399,398,1.0,0.894,2024-10-21 00:00:00
602,2,2024-10-22,233,277,1.0,0.865,2024-10-22 00:00:00
603,28,2024-10-22,395,389,1.0,0.934,2024-10-22 00:00:00
604,8,2024-10-22,311,248,1.0,0.97,2024-10-22 00:00:00
605,23,2024-10-23,390,426,1.0,0.968,2024-10-23 00:00:00
606,22,2024-10-23,210,215,1.0,0.858,2024-10-23 00:00:00
607,9,2024-10-24,153,133,1.0,0.974,2024-10-24 00:00:00
608,30,2024-10-24,374,329,1.0,0.947,2024-10-24 00:00:00
609,25,2024-10-24,351,305,1.0,0.995,2024-10-24 00:00:00
610,15,2024-10-25,140,134,1.0,0.861,2024-10-25 00:00:00
611,6,2024-10-25,426,384,1.0,0.933,2024-10-25 00:00:00
612,6,2024-10-26,349,346,1.0,0.851,2024-10-26 00:00:00
613,23,2024-10-27,129,157,1.0,0.966,2024-10-27 00:00:00
614,21,2024-10-27,365,385,1.0,0.895,2024-10-27 00:00:00
615,18,2024-10-28,233,265,1.0,0.994,2024-10-28 00:00:00
616,17,2024-10-28,84,89,1.0,0.874,2024-10-28 00:00:00
617,18,2024-10-28,324,299,1.0,0.95,2024-10-28 00:00:00
618,12,2024-10-29,200,210,1.0,0.963,2024-10-29 00:00:00
619,17,2024-10-29,293,347,1.0,0.851,2024-10-29 00:00:00
620,12,2024-10-30,278,276,1.0,0.946,2024-10-30 00:00:00
621,30,2024-10-30,368,368,1.0,0.907,2024-10-30 00:00:00
622,26,2024-10-30,108,111,1.0,0.931,2024-10-30 00:00:00
623,1,2024-10-31,314,327,1.0,0.917,2024-10-31 00:00:00
624,2,2024-10-31,201,183,1.0,0.879,2024-10-31 00:00:00
625,3,2024-11-01,99,111,1.0,0.851,2024-11-01 00:00:00
626,3,2024-11-01,157,191,1.0,0.966,2024-11-01 00:00:00
627,28,2024-11-01,400,383,1.0,0.955,2024-11-01 00:00:00
628,25,2024-11-02,272,277,1.0,0.991,2024-11-02 00:00:00
629,24,2024-11-02,401,426,1.0,0.863,2024-11-02 00:00:00
630,2,2024-11-02,141,153,1.0,0.934,2024-11-02 00:00:00
631,27,2024-11-03,166,180,1.0,0.911,2024-11-03 00:00:00
632,11,2024-11-03,58,54,1.0,0.868,2024-11-03 00:00:00
633,1,2024-11-03,378,375,1.0,0.857,2024-11-03 00:00:00
634,12,2024-11-04,307,296,0.89,0.895,2024-11-04 00:00:00
635,10,2024-11-05,441,479,1.0,0.855,2024-11-05 00:00:00
636,18,2024-11-06,162,154,0.69,0.97,2024-11-06 00:00:00
637,10,2024-11-07,374,408,1.0,0.969,2024-11-07 00:00:00
638,24,2024-11-07,381,426,1.0,0.992,2024-11-07 00:00:00
639,18,2024-11-07,497,473,0.79,0.931,2024-11-07 00:00:00
640,10,2024-11-08,157,154,1.0,0.986,2024-11-08 00:00:00
641,7,2024-11-09,261,303,0.59,0.943,2024-11-09 00:00:00
642,9,2024-11-09,149,132,0.83,0.935,2024-11-09 00:00:00
643,28,2024-11-10,434,561,1.0,0.932,2024-11-10 00:00:00
644,22,2024-11-11,84,72,1.0,0.88,2024-11-11 00:00:00
645,19,2024-11-11,299,325,1.0,0.885,2024-11-11 00:00:00
646,20,2024-11-12,85,82,1.0,0.898,2024-11-12 00:00:00
647,15,2024-11-12,218,204,1.0,0.935,2024-11-12 00:00:00
648,26,2024-11-13,211,198,1.0,0.875,2024-11-13 00:00:00
649,11,2024-11-13,176,182,1.0,0.892,2024-11-13 00:00:00
650,5,2024-11-14,397,335,1.0,0.982,2024-11-14 00:00:00
651,15,2024-11-14,278,263,1.0,0.876,2024-11-14 00:00:00
652,3,2024-11-15,480,511,1.0,0.974,2024-11-15 00:00:00
653,29,2024-11-15,325,342,1.0,0.959,2024-11-15 00:00:00
654,29,2024-11-15,59,68,1.0,0.945,2024-11-15 00:00:00
655,19,2024-11-16,257,259,0.63,0.984,2024-11-16 00:00:00
656,18,2024-11-16,291,271,1.0,0.872,2024-11-16 00:00:00
657,13,2024-11-16,164,180,1.0,0.87,2024-11-16 00:00:00
658,17,2024-11-17,96,87,1.0,0.925,2024-11-17 00:00:00
659,22,2024-11-17,172,190,1.0,0.875,2024-11-17 00:00:00
660,17,2024-11-17,121,103,1.0,0.877,2024-11-17 00:00:00
661,22,2024-11-18,496,575,1.0,0.904,2024-11-18 00:00:00
662,8,2024-11-18,439,424,1.0,0.859,2024-11-18 00:00:00
663,12,2024-11-18,169,180,1.0,0.904,2024-11-18 00:00:00
664,30,2024-11-19,282,287,1.0,0.856,2024-11-19 00:00:00
665,21,2024-11-19,215,260,1.0,0.891,2024-11-19 00:00:00
666,9,2024-11-20,346,400,1.0,0.876,2024-11-20 00:00:00
667,21,2024-11-20,243,219,1.0,0.927,2024-11-20 00:00:00
668,13,2024-11-20,164,181,1.0,0.903,2024-11-20 00:00:00
669,16,2024-11-21,455,393,1.0,0.871,2024-11-21 00:00:00
670,6,2024-11-21,167,169,0.82,0.882,2024-11-21 00:00:00
671,6,2024-11-22,235,200,1.0,0.912,2024-11-22 00:00:00
672,24,2024-11-23,108,96,1.0,0.922,2024-11-23 00:00:00
673,7,2024-11-23,352,387,0.52,0.936,2024-11-23 00:00:00
674,5,2024-11-24,372,431,1.0,0.984,2024-11-24 00:00:00
675,2,2024-11-25,135,134,1.0,0.94,2024-11-25 00:00:00
676,21,2024-11-26,59,62,1.0,0.959,2024-11-26 00:00:00
677,27,2024-11-26,195,207,1.0,0.921,2024-11-26 00:00:00
678,16,2024-11-26,137,133,1.0,0.912,2024-11-26 00:00:00
679,26,2024-11-27,348,357,1.0,0.89,2024-11-27 00:00:00
680,22,2024-11-28,225,212,1.0,0.939,2024-11-28 00:00:00
681,3,2024-11-28,167,160,0.76,0.986,2024-11-28 00:00:00
682,22,2024-11-28,264,273,1.0,0.941,2024-11-28 00:00:00
683,16,2024-11-29,364,303,1.0,0.963,2024-11-29 00:00:00
684,16,2024-11-30,387,340,0.8,0.974,2024-11-30 00:00:00
685,21,2024-12-01,270,244,0.76,0.884,2024-12-01 00:00:00
686,26,2024-12-01,296,292,1.0,0.907,2024-12-01 00:00:00
687,19,2024-12-01,461,456,1.0,0.865,2024-12-01 00:00:00
688,9,2024-12-02,294,244,1.0,0.987,2024-12-02 00:00:00
689,10,2024-12-03,356,382,1.0,0.956,2024-12-03 00:00:00
690,19,2024-12-04,317,294,0.5,0.948,2024-12-04 00:00:00
691,26,2024-12-05,211,202,1.0,0.938,2024-12-05 00:00:00
692,9,2024-12-05,487,499,1.0,0.935,2024-12-05 00:00:00
693,20,2024-12-05,191,210,1.0,0.933,2024-12-05 00:00:00
694,16,2024-12-06,141,140,1.0,0.933,2024-12-06 00:00:00
695,9,2024-12-06,207,175,1.0,0.871,2024-12-06 00:00:00
696,28,2024-12-06,387,355,0.61,0.967,2024-12-06 00:00:00
697,4,2024-12-07,159,131,1.0,0.942,2024-12-07 00:00:00
698,23,2024-12-08,76,75,1.0,0.995,2024-12-08 00:00:00
699,1,2024-12-08,461,482,1.0,0.915,2024-12-08 00:00:00
700,3,2024-12-08,184,189,1.0,0.862,2024-12-08 00:00:00
701,24,2024-12-09,246,268,1.0,0.893,2024-12-09 00:00:00
702,2,2024-12-10,446,426,1.0,0.946,2024-12-10 00:00:00
703,15,2024-12-10,55,57,1.0,0.893,2024-12-10 00:00:00
704,2,2024-12-10,451,513,1.0,0.927,2024-12-10 00:00:00
705,20,2024-12-11,136,130,1.0,0.996,2024-12-11 00:00:00
706,9,2024-12-12,449,411,1.0,0.95,2024-12-12 00:00:00
707,19,2024-12-13,152,127,0.54,0.893,2024-12-13 00:00:00
708,27,2024-12-13,336,329,1.0,0.902,2024-12-13 00:00:00
709,8,2024-12-14,360,398,1.0,0.851,2024-12-14 00:00:00
710,6,2024-12-14,258,251,1.0,0.934,2024-12-14 00:00:00
711,10,2024-12-15,224,262,1.0,0.981,2024-12-15 00:00:00
712,27,2024-12-15,456,429,1.0,0.954,2024-12-15 00:00:00
713,13,2024-12-15,338,312,1.0,0.966,2024-12-15 00:00:00
714,15,2024-12-16,350,352,1.0,0.922,2024-12-16 00:00:00
715,9,2024-12-16,84,73,1.0,0.955,2024-12-16 00:00:00
716,26,2024-12-16,211,236,1.0,0.903,2024-12-16 00:00:00
717,1,2024-12-17,408,423,0.83,0.973,2024-12-17 00:00:00
718,3,2024-12-17,333,311,1.0,0.921,2024-12-17 00:00:00
719,12,2024-12-17,161,171,1.0,0.952,2024-12-17 00:00:00
720,16,2024-12-18,427,406,1.0,0.96,2024-12-18 00:00:00
721,7,2024-12-19,167,170,1.0,0.873,2024-12-19 00:00:00
722,4,2024-12-19,111,119,1.0,0.951,2024-12-19 00:00:00
723,16,2024-12-20,364,435,1.0,0.977,2024-12-20 00:00:00
724,12,2024-12-20,367,370,1.0,0.985,2024-12-20 00:00:00
725,29,2024-12-20,344,371,1.0,0.987,2024-12-20 00:00:00
726,13,2024-12-21,163,149,1.0,0.869,2024-12-21 00:00:00
727,17,2024-12-21,459,362,0.67,0.979,2024-12-21 00:00:00
728,15,2024-12-22,111,123,1.0,0.919,2024-12-22 00:00:00
729,1,2024-12-23,56,53,0.68,0.979,2024-12-23 00:00:00
730,6,2024-12-23,330,301,1.0,0.89,2024-12-23 00:00:00
731,20,2024-12-23,225,207,1.0,0.955,2024-12-23 00:00:00
732,12,2024-12-24,487,529,1.0,0.918,2024-12-24 00:00:00
733,19,2024-12-24,117,134,1.0,0.958,2024-12-24 00:00:00
734,18,2024-12-25,271,265,1.0,0.879,2024-12-25 00:00:00
735,5,2024-12-26,292,298,1.0,0.999,2024-12-26 00:00:00
736,28,2024-12-26,372,350,1.0,0.958,2024-12-26 00:00:00
737,26,2024-12-26,299,287,1.0,0.91,2024-12-26 00:00:00
738,6,2024-12-27,80,89,1.0,0.888,2024-12-27 00:00:00
739,27,2024-12-27,372,422,1.0,0.904,2024-12-27 00:00:00
740,18,2024-12-27,464,507,1.0,0.853,2024-12-27 00:00:00
741,12,2024-12-28,494,465,1.0,0.947,2024-12-28 00:00:00
742,6,2024-12-29,449,393,1.0,0.899,2024-12-29 00:00:00
743,17,2024-12-29,299,304,0.8,0.92,2024-12-29 00:00:00
744,5,2024-12-29,494,440,1.0,0.971,2024-12-29 00:00:00
745,14,2024-12-30,373,344,1.0,0.862,2024-12-30 00:00:00
746,11,2024-12-30,166,155,1.0,0.948,2024-12-30 00:00:00
747,9,2024-12-31,359,341,1.0,0.979,2024-12-31 00:00:00
748,12,2024-12-31,432,404,1.0,0.995,2024-12-31 00:00:00
749,14,2024-12-31,135,136,1.0,0.949,2024-12-31 00:00:00
