reliability_id,equipment_id,measurement_period,mtbf_hours,target_mtbf,failure_count,operating_hours,reliability_score,created_date
1,1,2024-01-01,323.24,804.96,2,646.49,40.2,2024-01-01 00:00:00
2,2,2024-01-01,346.04,645.64,2,692.07,53.6,2024-01-01 00:00:00
3,3,2024-01-01,239.15,787.37,3,717.45,30.4,2024-01-01 00:00:00
4,4,2024-01-01,325.92,1497.45,2,651.84,21.8,2024-01-01 00:00:00
5,5,2024-01-01,172.84,1354.22,4,691.34,12.8,2024-01-01 00:00:00
6,6,2024-01-01,678.44,1870.97,0,678.44,36.3,2024-01-01 00:00:00
7,7,2024-01-01,649.73,1296.23,1,649.73,50.1,2024-01-01 00:00:00
8,8,2024-01-01,603.75,1464.11,0,603.75,41.2,2024-01-01 00:00:00
9,9,2024-01-01,651.33,1446.54,1,651.33,45.0,2024-01-01 00:00:00
10,10,2024-01-01,605.71,1832.83,0,605.71,33.0,2024-01-01 00:00:00
11,11,2024-01-01,318.18,907.07,2,636.36,35.1,2024-01-01 00:00:00
12,12,2024-01-01,672.17,1953.39,1,672.17,34.4,2024-01-01 00:00:00
13,13,2024-01-01,219.36,1907.21,3,658.07,11.5,2024-01-01 00:00:00
14,14,2024-01-01,222.35,1497.9,3,667.04,14.8,2024-01-01 00:00:00
15,15,2024-01-01,309.89,1893.69,2,619.78,16.4,2024-01-01 00:00:00
16,16,2024-01-01,205.67,1910.0,3,617.01,10.8,2024-01-01 00:00:00
17,17,2024-01-01,638.83,1667.18,0,638.83,38.3,2024-01-01 00:00:00
18,18,2024-01-01,163.09,1016.29,4,652.34,16.0,2024-01-01 00:00:00
19,19,2024-01-01,355.95,1216.53,2,711.89,29.3,2024-01-01 00:00:00
20,20,2024-01-01,712.67,1652.18,1,712.67,43.1,2024-01-01 00:00:00
21,21,2024-01-01,150.24,771.2,4,600.95,19.5,2024-01-01 00:00:00
22,22,2024-01-01,135.54,853.87,5,677.7,15.9,2024-01-01 00:00:00
23,23,2024-01-01,631.03,942.34,0,631.03,67.0,2024-01-01 00:00:00
24,24,2024-01-01,212.14,960.95,3,636.43,22.1,2024-01-01 00:00:00
25,25,2024-01-01,322.34,932.86,2,644.68,34.6,2024-01-01 00:00:00
26,26,2024-01-01,213.05,834.26,3,639.15,25.5,2024-01-01 00:00:00
27,27,2024-01-01,664.13,644.58,1,664.13,100.0,2024-01-01 00:00:00
28,28,2024-01-01,233.22,968.81,3,699.65,24.1,2024-01-01 00:00:00
29,29,2024-01-01,319.98,1954.17,2,639.96,16.4,2024-01-01 00:00:00
30,30,2024-01-01,619.95,1021.55,0,619.95,60.7,2024-01-01 00:00:00
31,31,2024-01-01,151.69,1743.35,4,606.76,8.7,2024-01-01 00:00:00
32,32,2024-01-01,205.11,1611.53,3,615.33,12.7,2024-01-01 00:00:00
33,33,2024-01-01,711.66,777.25,0,711.66,91.6,2024-01-01 00:00:00
34,34,2024-01-01,138.7,601.98,5,693.5,23.0,2024-01-01 00:00:00
35,35,2024-01-01,123.44,855.24,5,617.18,14.4,2024-01-01 00:00:00
36,36,2024-01-01,206.28,1954.87,3,618.85,10.6,2024-01-01 00:00:00
37,37,2024-01-01,169.28,1658.6,4,677.1,10.2,2024-01-01 00:00:00
38,38,2024-01-01,160.4,1597.26,4,641.58,10.0,2024-01-01 00:00:00
39,39,2024-01-01,127.71,981.48,5,638.55,13.0,2024-01-01 00:00:00
40,40,2024-01-01,670.13,987.09,1,670.13,67.9,2024-01-01 00:00:00
41,41,2024-01-01,140.2,957.91,5,701.0,14.6,2024-01-01 00:00:00
42,42,2024-01-01,306.08,709.91,2,612.17,43.1,2024-01-01 00:00:00
43,43,2024-01-01,159.83,673.48,4,639.32,23.7,2024-01-01 00:00:00
44,44,2024-01-01,653.84,1052.37,0,653.84,62.1,2024-01-01 00:00:00
45,45,2024-01-01,663.49,582.11,0,663.49,100.0,2024-01-01 00:00:00
46,46,2024-01-01,318.51,1455.1,2,637.02,21.9,2024-01-01 00:00:00
47,47,2024-01-01,218.16,639.12,3,654.49,34.1,2024-01-01 00:00:00
48,48,2024-01-01,691.76,903.87,1,691.76,76.5,2024-01-01 00:00:00
49,49,2024-01-01,346.34,1457.94,2,692.69,23.8,2024-01-01 00:00:00
50,50,2024-01-01,171.95,946.34,4,687.82,18.2,2024-01-01 00:00:00
51,51,2024-01-01,306.73,1779.76,2,613.46,17.2,2024-01-01 00:00:00
52,52,2024-01-01,204.76,1684.21,3,614.29,12.2,2024-01-01 00:00:00
53,53,2024-01-01,139.34,1370.87,5,696.69,10.2,2024-01-01 00:00:00
54,54,2024-01-01,631.19,1356.61,1,631.19,46.5,2024-01-01 00:00:00
55,55,2024-01-01,156.1,1771.11,4,624.38,8.8,2024-01-01 00:00:00
56,56,2024-01-01,220.42,1000.06,3,661.27,22.0,2024-01-01 00:00:00
57,57,2024-01-01,614.98,545.43,1,614.98,100.0,2024-01-01 00:00:00
58,58,2024-01-01,704.86,826.66,0,704.86,85.3,2024-01-01 00:00:00
59,59,2024-01-01,628.76,602.97,1,628.76,100.0,2024-01-01 00:00:00
60,60,2024-01-01,179.41,1466.46,4,717.65,12.2,2024-01-01 00:00:00
61,61,2024-01-01,661.56,1140.69,0,661.56,58.0,2024-01-01 00:00:00
62,62,2024-01-01,697.45,1259.04,1,697.45,55.4,2024-01-01 00:00:00
63,63,2024-01-01,347.66,1335.22,2,695.33,26.0,2024-01-01 00:00:00
64,64,2024-01-01,207.85,1219.88,3,623.56,17.0,2024-01-01 00:00:00
65,65,2024-01-01,163.04,927.86,4,652.18,17.6,2024-01-01 00:00:00
66,66,2024-01-01,637.62,973.95,0,637.62,65.5,2024-01-01 00:00:00
67,67,2024-01-01,127.34,683.34,5,636.69,18.6,2024-01-01 00:00:00
68,1,2024-01-31,125.1,990.07,5,625.52,12.6,2024-01-31 00:00:00
69,2,2024-01-31,657.92,991.16,1,657.92,66.4,2024-01-31 00:00:00
70,3,2024-01-31,151.5,1708.67,4,606.0,8.9,2024-01-31 00:00:00
71,4,2024-01-31,642.75,1267.83,0,642.75,50.7,2024-01-31 00:00:00
72,5,2024-01-31,635.1,1528.34,1,635.1,41.6,2024-01-31 00:00:00
73,6,2024-01-31,203.5,1804.03,3,610.51,11.3,2024-01-31 00:00:00
74,7,2024-01-31,129.09,1218.79,5,645.47,10.6,2024-01-31 00:00:00
75,8,2024-01-31,223.55,743.88,3,670.66,30.1,2024-01-31 00:00:00
76,9,2024-01-31,313.47,597.96,2,626.94,52.4,2024-01-31 00:00:00
77,10,2024-01-31,670.52,1720.45,1,670.52,39.0,2024-01-31 00:00:00
78,11,2024-01-31,225.16,1363.39,3,675.49,16.5,2024-01-31 00:00:00
79,12,2024-01-31,303.16,1145.02,2,606.32,26.5,2024-01-31 00:00:00
80,13,2024-01-31,173.71,1381.31,4,694.84,12.6,2024-01-31 00:00:00
81,14,2024-01-31,605.79,1534.24,0,605.79,39.5,2024-01-31 00:00:00
82,15,2024-01-31,328.78,1393.37,2,657.56,23.6,2024-01-31 00:00:00
83,16,2024-01-31,177.18,1366.16,4,708.71,13.0,2024-01-31 00:00:00
84,17,2024-01-31,137.01,1748.99,5,685.06,7.8,2024-01-31 00:00:00
85,18,2024-01-31,122.04,745.59,5,610.2,16.4,2024-01-31 00:00:00
86,19,2024-01-31,132.53,1391.68,5,662.65,9.5,2024-01-31 00:00:00
87,20,2024-01-31,678.07,1856.9,1,678.07,36.5,2024-01-31 00:00:00
88,21,2024-01-31,142.51,1084.79,5,712.55,13.1,2024-01-31 00:00:00
89,22,2024-01-31,337.16,1664.72,2,674.31,20.3,2024-01-31 00:00:00
90,23,2024-01-31,134.76,1908.74,5,673.81,7.1,2024-01-31 00:00:00
91,24,2024-01-31,326.28,1186.73,2,652.56,27.5,2024-01-31 00:00:00
92,25,2024-01-31,349.43,1341.56,2,698.87,26.0,2024-01-31 00:00:00
93,26,2024-01-31,338.11,1834.75,2,676.21,18.4,2024-01-31 00:00:00
94,27,2024-01-31,153.79,1356.52,4,615.17,11.3,2024-01-31 00:00:00
95,28,2024-01-31,701.11,1277.47,0,701.11,54.9,2024-01-31 00:00:00
96,29,2024-01-31,608.57,577.01,1,608.57,100.0,2024-01-31 00:00:00
97,30,2024-01-31,229.25,1617.79,3,687.74,14.2,2024-01-31 00:00:00
98,31,2024-01-31,140.3,1413.8,5,701.49,9.9,2024-01-31 00:00:00
99,32,2024-01-31,635.91,1757.89,1,635.91,36.2,2024-01-31 00:00:00
100,33,2024-01-31,134.6,1310.67,5,673.01,10.3,2024-01-31 00:00:00
101,34,2024-01-31,655.45,1789.82,0,655.45,36.6,2024-01-31 00:00:00
102,35,2024-01-31,165.87,1889.35,4,663.49,8.8,2024-01-31 00:00:00
103,36,2024-01-31,355.53,1873.86,2,711.05,19.0,2024-01-31 00:00:00
104,37,2024-01-31,347.69,1716.33,2,695.38,20.3,2024-01-31 00:00:00
105,38,2024-01-31,230.42,809.17,3,691.27,28.5,2024-01-31 00:00:00
106,39,2024-01-31,239.28,739.81,3,717.85,32.3,2024-01-31 00:00:00
107,40,2024-01-31,687.13,657.22,1,687.13,100.0,2024-01-31 00:00:00
108,41,2024-01-31,663.38,1457.29,1,663.38,45.5,2024-01-31 00:00:00
109,42,2024-01-31,233.96,1012.58,3,701.87,23.1,2024-01-31 00:00:00
110,43,2024-01-31,669.37,671.12,0,669.37,99.7,2024-01-31 00:00:00
111,44,2024-01-31,233.37,1414.63,3,700.12,16.5,2024-01-31 00:00:00
112,45,2024-01-31,334.59,619.68,2,669.17,54.0,2024-01-31 00:00:00
113,46,2024-01-31,688.55,1831.26,0,688.55,37.6,2024-01-31 00:00:00
114,47,2024-01-31,133.75,1425.79,5,668.74,9.4,2024-01-31 00:00:00
115,48,2024-01-31,653.44,1768.88,0,653.44,36.9,2024-01-31 00:00:00
116,49,2024-01-31,318.94,1365.64,2,637.87,23.4,2024-01-31 00:00:00
117,50,2024-01-31,236.98,1340.41,3,710.95,17.7,2024-01-31 00:00:00
118,51,2024-01-31,698.77,1377.8,1,698.77,50.7,2024-01-31 00:00:00
119,52,2024-01-31,139.9,1060.5,5,699.49,13.2,2024-01-31 00:00:00
120,53,2024-01-31,166.15,969.62,4,664.62,17.1,2024-01-31 00:00:00
121,54,2024-01-31,131.15,531.0,5,655.76,24.7,2024-01-31 00:00:00
122,55,2024-01-31,127.64,1623.5,5,638.21,7.9,2024-01-31 00:00:00
123,56,2024-01-31,200.8,689.8,3,602.4,29.1,2024-01-31 00:00:00
124,57,2024-01-31,669.08,1616.62,0,669.08,41.4,2024-01-31 00:00:00
125,58,2024-01-31,601.25,1680.9,0,601.25,35.8,2024-01-31 00:00:00
126,59,2024-01-31,153.77,1937.79,4,615.08,7.9,2024-01-31 00:00:00
127,60,2024-01-31,212.29,1360.26,3,636.88,15.6,2024-01-31 00:00:00
128,61,2024-01-31,320.97,1469.48,2,641.95,21.8,2024-01-31 00:00:00
129,62,2024-01-31,201.69,865.02,3,605.07,23.3,2024-01-31 00:00:00
130,63,2024-01-31,159.84,588.61,4,639.37,27.2,2024-01-31 00:00:00
131,64,2024-01-31,702.67,1302.52,0,702.67,53.9,2024-01-31 00:00:00
132,65,2024-01-31,634.01,1575.77,0,634.01,40.2,2024-01-31 00:00:00
133,66,2024-01-31,635.92,591.49,1,635.92,100.0,2024-01-31 00:00:00
134,67,2024-01-31,648.06,1571.95,1,648.06,41.2,2024-01-31 00:00:00
135,1,2024-03-01,139.08,1858.67,5,695.41,7.5,2024-03-01 00:00:00
136,2,2024-03-01,645.49,1296.39,1,645.49,49.8,2024-03-01 00:00:00
137,3,2024-03-01,203.15,1103.09,3,609.46,18.4,2024-03-01 00:00:00
138,4,2024-03-01,171.62,1535.31,4,686.47,11.2,2024-03-01 00:00:00
139,5,2024-03-01,625.08,1101.41,1,625.08,56.8,2024-03-01 00:00:00
140,6,2024-03-01,151.81,862.99,4,607.24,17.6,2024-03-01 00:00:00
141,7,2024-03-01,332.67,510.67,2,665.35,65.1,2024-03-01 00:00:00
142,8,2024-03-01,203.61,1963.14,3,610.84,10.4,2024-03-01 00:00:00
143,9,2024-03-01,327.02,1449.3,2,654.04,22.6,2024-03-01 00:00:00
144,10,2024-03-01,128.02,869.47,5,640.12,14.7,2024-03-01 00:00:00
145,11,2024-03-01,209.58,1078.75,3,628.73,19.4,2024-03-01 00:00:00
146,12,2024-03-01,642.85,1231.02,1,642.85,52.2,2024-03-01 00:00:00
147,13,2024-03-01,612.15,1684.78,0,612.15,36.3,2024-03-01 00:00:00
148,14,2024-03-01,238.26,935.27,3,714.78,25.5,2024-03-01 00:00:00
149,15,2024-03-01,123.22,1420.17,5,616.08,8.7,2024-03-01 00:00:00
150,16,2024-03-01,656.58,1262.09,1,656.58,52.0,2024-03-01 00:00:00
151,17,2024-03-01,702.63,772.57,0,702.63,90.9,2024-03-01 00:00:00
152,18,2024-03-01,239.87,1317.05,3,719.61,18.2,2024-03-01 00:00:00
153,19,2024-03-01,200.19,1475.24,3,600.56,13.6,2024-03-01 00:00:00
154,20,2024-03-01,310.63,1871.17,2,621.25,16.6,2024-03-01 00:00:00
155,21,2024-03-01,315.39,623.31,2,630.77,50.6,2024-03-01 00:00:00
156,22,2024-03-01,129.89,1725.5,5,649.47,7.5,2024-03-01 00:00:00
157,23,2024-03-01,674.81,552.44,0,674.81,100.0,2024-03-01 00:00:00
158,24,2024-03-01,338.08,1544.85,2,676.15,21.9,2024-03-01 00:00:00
159,25,2024-03-01,176.17,807.11,4,704.66,21.8,2024-03-01 00:00:00
160,26,2024-03-01,324.58,1452.22,2,649.15,22.4,2024-03-01 00:00:00
161,27,2024-03-01,357.8,898.4,2,715.6,39.8,2024-03-01 00:00:00
162,28,2024-03-01,133.45,556.21,5,667.23,24.0,2024-03-01 00:00:00
163,29,2024-03-01,239.21,501.83,3,717.62,47.7,2024-03-01 00:00:00
164,30,2024-03-01,658.39,512.41,1,658.39,100.0,2024-03-01 00:00:00
165,31,2024-03-01,712.04,812.8,1,712.04,87.6,2024-03-01 00:00:00
166,32,2024-03-01,631.6,1263.67,0,631.6,50.0,2024-03-01 00:00:00
167,33,2024-03-01,327.2,888.74,2,654.39,36.8,2024-03-01 00:00:00
168,34,2024-03-01,156.9,1293.3,4,627.59,12.1,2024-03-01 00:00:00
169,35,2024-03-01,711.19,975.48,1,711.19,72.9,2024-03-01 00:00:00
170,36,2024-03-01,173.92,1363.02,4,695.67,12.8,2024-03-01 00:00:00
171,37,2024-03-01,210.41,1127.58,3,631.22,18.7,2024-03-01 00:00:00
172,38,2024-03-01,140.65,1634.26,5,703.23,8.6,2024-03-01 00:00:00
173,39,2024-03-01,142.08,1440.04,5,710.38,9.9,2024-03-01 00:00:00
174,40,2024-03-01,660.68,1354.5,1,660.68,48.8,2024-03-01 00:00:00
175,41,2024-03-01,356.31,1645.3,2,712.62,21.7,2024-03-01 00:00:00
176,42,2024-03-01,352.27,1263.72,2,704.54,27.9,2024-03-01 00:00:00
177,43,2024-03-01,306.71,1631.6,2,613.43,18.8,2024-03-01 00:00:00
178,44,2024-03-01,332.26,1560.37,2,664.52,21.3,2024-03-01 00:00:00
179,45,2024-03-01,701.5,1839.13,1,701.5,38.1,2024-03-01 00:00:00
180,46,2024-03-01,353.3,684.93,2,706.59,51.6,2024-03-01 00:00:00
181,47,2024-03-01,232.24,531.91,3,696.73,43.7,2024-03-01 00:00:00
182,48,2024-03-01,694.66,1939.78,0,694.66,35.8,2024-03-01 00:00:00
183,49,2024-03-01,346.54,1636.34,2,693.08,21.2,2024-03-01 00:00:00
184,50,2024-03-01,624.37,1648.5,0,624.37,37.9,2024-03-01 00:00:00
185,51,2024-03-01,165.12,1920.67,4,660.47,8.6,2024-03-01 00:00:00
186,52,2024-03-01,660.87,1284.08,0,660.87,51.5,2024-03-01 00:00:00
187,53,2024-03-01,217.73,808.32,3,653.18,26.9,2024-03-01 00:00:00
188,54,2024-03-01,156.67,1621.12,4,626.69,9.7,2024-03-01 00:00:00
189,55,2024-03-01,211.36,851.05,3,634.08,24.8,2024-03-01 00:00:00
190,56,2024-03-01,699.53,1212.34,0,699.53,57.7,2024-03-01 00:00:00
191,57,2024-03-01,120.2,641.44,5,601.01,18.7,2024-03-01 00:00:00
192,58,2024-03-01,713.05,518.68,0,713.05,100.0,2024-03-01 00:00:00
193,59,2024-03-01,174.78,1023.66,4,699.11,17.1,2024-03-01 00:00:00
194,60,2024-03-01,622.35,1810.02,0,622.35,34.4,2024-03-01 00:00:00
195,61,2024-03-01,641.84,691.57,1,641.84,92.8,2024-03-01 00:00:00
196,62,2024-03-01,710.86,1681.29,0,710.86,42.3,2024-03-01 00:00:00
197,63,2024-03-01,703.48,601.73,1,703.48,100.0,2024-03-01 00:00:00
198,64,2024-03-01,673.35,848.97,0,673.35,79.3,2024-03-01 00:00:00
199,65,2024-03-01,327.01,1586.24,2,654.03,20.6,2024-03-01 00:00:00
200,66,2024-03-01,345.48,700.93,2,690.96,49.3,2024-03-01 00:00:00
201,67,2024-03-01,684.87,599.43,0,684.87,100.0,2024-03-01 00:00:00
202,1,2024-03-31,175.17,1242.12,4,700.66,14.1,2024-03-31 00:00:00
203,2,2024-03-31,156.45,908.17,4,625.81,17.2,2024-03-31 00:00:00
204,3,2024-03-31,700.82,906.08,1,700.82,77.3,2024-03-31 00:00:00
205,4,2024-03-31,674.57,1464.87,0,674.57,46.0,2024-03-31 00:00:00
206,5,2024-03-31,305.93,1571.88,2,611.85,19.5,2024-03-31 00:00:00
207,6,2024-03-31,617.3,1451.44,1,617.3,42.5,2024-03-31 00:00:00
208,7,2024-03-31,201.13,915.57,3,603.38,22.0,2024-03-31 00:00:00
209,8,2024-03-31,164.24,1595.28,4,656.96,10.3,2024-03-31 00:00:00
210,9,2024-03-31,351.93,1616.61,2,703.87,21.8,2024-03-31 00:00:00
211,10,2024-03-31,622.0,1361.5,1,622.0,45.7,2024-03-31 00:00:00
212,11,2024-03-31,233.68,1059.79,3,701.04,22.0,2024-03-31 00:00:00
213,12,2024-03-31,634.75,1690.18,1,634.75,37.6,2024-03-31 00:00:00
214,13,2024-03-31,135.5,897.52,5,677.48,15.1,2024-03-31 00:00:00
215,14,2024-03-31,203.99,820.98,3,611.96,24.8,2024-03-31 00:00:00
216,15,2024-03-31,151.55,1300.35,4,606.19,11.7,2024-03-31 00:00:00
217,16,2024-03-31,221.03,788.63,3,663.1,28.0,2024-03-31 00:00:00
218,17,2024-03-31,208.6,648.83,3,625.81,32.2,2024-03-31 00:00:00
219,18,2024-03-31,665.54,1212.34,1,665.54,54.9,2024-03-31 00:00:00
220,19,2024-03-31,124.08,1172.98,5,620.38,10.6,2024-03-31 00:00:00
221,20,2024-03-31,693.48,1901.38,1,693.48,36.5,2024-03-31 00:00:00
222,21,2024-03-31,346.77,547.7,2,693.53,63.3,2024-03-31 00:00:00
223,22,2024-03-31,228.86,854.67,3,686.57,26.8,2024-03-31 00:00:00
224,23,2024-03-31,311.8,605.12,2,623.59,51.5,2024-03-31 00:00:00
225,24,2024-03-31,150.94,1937.65,4,603.74,7.8,2024-03-31 00:00:00
226,25,2024-03-31,224.2,1008.45,3,672.59,22.2,2024-03-31 00:00:00
227,26,2024-03-31,659.39,545.04,0,659.39,100.0,2024-03-31 00:00:00
228,27,2024-03-31,178.97,704.84,4,715.88,25.4,2024-03-31 00:00:00
229,28,2024-03-31,208.65,539.0,3,625.94,38.7,2024-03-31 00:00:00
230,29,2024-03-31,690.32,1192.22,1,690.32,57.9,2024-03-31 00:00:00
231,30,2024-03-31,206.87,551.91,3,620.6,37.5,2024-03-31 00:00:00
232,31,2024-03-31,664.86,640.29,1,664.86,100.0,2024-03-31 00:00:00
233,32,2024-03-31,689.19,1071.01,0,689.19,64.3,2024-03-31 00:00:00
234,33,2024-03-31,678.61,1208.92,0,678.61,56.1,2024-03-31 00:00:00
235,34,2024-03-31,614.39,1243.42,1,614.39,49.4,2024-03-31 00:00:00
236,35,2024-03-31,318.97,1706.4,2,637.95,18.7,2024-03-31 00:00:00
237,36,2024-03-31,344.61,1883.07,2,689.22,18.3,2024-03-31 00:00:00
238,37,2024-03-31,204.44,1688.52,3,613.32,12.1,2024-03-31 00:00:00
239,38,2024-03-31,656.88,750.78,0,656.88,87.5,2024-03-31 00:00:00
240,39,2024-03-31,318.38,509.43,2,636.77,62.5,2024-03-31 00:00:00
241,40,2024-03-31,699.01,1110.59,1,699.01,62.9,2024-03-31 00:00:00
242,41,2024-03-31,351.41,1639.36,2,702.82,21.4,2024-03-31 00:00:00
243,42,2024-03-31,622.04,1896.01,1,622.04,32.8,2024-03-31 00:00:00
244,43,2024-03-31,129.54,716.34,5,647.68,18.1,2024-03-31 00:00:00
245,44,2024-03-31,625.76,716.11,1,625.76,87.4,2024-03-31 00:00:00
246,45,2024-03-31,617.03,1381.57,0,617.03,44.7,2024-03-31 00:00:00
247,46,2024-03-31,137.53,1598.85,5,687.65,8.6,2024-03-31 00:00:00
248,47,2024-03-31,344.51,1375.01,2,689.03,25.1,2024-03-31 00:00:00
249,48,2024-03-31,235.33,1169.12,3,706.0,20.1,2024-03-31 00:00:00
250,49,2024-03-31,624.99,1063.74,0,624.99,58.8,2024-03-31 00:00:00
251,50,2024-03-31,135.01,773.95,5,675.06,17.4,2024-03-31 00:00:00
252,51,2024-03-31,710.75,973.71,1,710.75,73.0,2024-03-31 00:00:00
253,52,2024-03-31,678.19,1205.49,0,678.19,56.3,2024-03-31 00:00:00
254,53,2024-03-31,343.21,1404.02,2,686.42,24.4,2024-03-31 00:00:00
255,54,2024-03-31,123.21,536.16,5,616.07,23.0,2024-03-31 00:00:00
256,55,2024-03-31,128.62,1922.03,5,643.09,6.7,2024-03-31 00:00:00
257,56,2024-03-31,645.87,1310.07,0,645.87,49.3,2024-03-31 00:00:00
258,57,2024-03-31,669.0,697.12,0,669.0,96.0,2024-03-31 00:00:00
259,58,2024-03-31,167.44,665.66,4,669.77,25.2,2024-03-31 00:00:00
260,59,2024-03-31,696.65,1762.39,1,696.65,39.5,2024-03-31 00:00:00
261,60,2024-03-31,239.73,1310.74,3,719.2,18.3,2024-03-31 00:00:00
262,61,2024-03-31,134.56,1554.68,5,672.8,8.7,2024-03-31 00:00:00
263,62,2024-03-31,210.21,1303.79,3,630.64,16.1,2024-03-31 00:00:00
264,63,2024-03-31,170.23,1334.0,4,680.94,12.8,2024-03-31 00:00:00
265,64,2024-03-31,215.17,690.35,3,645.52,31.2,2024-03-31 00:00:00
266,65,2024-03-31,660.02,588.18,0,660.02,100.0,2024-03-31 00:00:00
267,66,2024-03-31,210.35,903.85,3,631.06,23.3,2024-03-31 00:00:00
268,67,2024-03-31,652.6,1266.76,1,652.6,51.5,2024-03-31 00:00:00
269,1,2024-04-30,717.21,1486.02,0,717.21,48.3,2024-04-30 00:00:00
270,2,2024-04-30,658.88,664.3,0,658.88,99.2,2024-04-30 00:00:00
271,3,2024-04-30,153.92,1429.57,4,615.68,10.8,2024-04-30 00:00:00
272,4,2024-04-30,606.04,1155.77,0,606.04,52.4,2024-04-30 00:00:00
273,5,2024-04-30,138.34,1356.92,5,691.69,10.2,2024-04-30 00:00:00
274,6,2024-04-30,647.16,1899.93,1,647.16,34.1,2024-04-30 00:00:00
275,7,2024-04-30,123.07,1942.92,5,615.34,6.3,2024-04-30 00:00:00
276,8,2024-04-30,358.78,796.07,2,717.56,45.1,2024-04-30 00:00:00
277,9,2024-04-30,330.59,917.9,2,661.18,36.0,2024-04-30 00:00:00
278,10,2024-04-30,660.5,905.63,0,660.5,72.9,2024-04-30 00:00:00
279,11,2024-04-30,178.96,675.9,4,715.86,26.5,2024-04-30 00:00:00
280,12,2024-04-30,325.9,1115.33,2,651.8,29.2,2024-04-30 00:00:00
281,13,2024-04-30,620.18,722.05,0,620.18,85.9,2024-04-30 00:00:00
282,14,2024-04-30,689.22,1996.81,1,689.22,34.5,2024-04-30 00:00:00
283,15,2024-04-30,123.56,1237.5,5,617.81,10.0,2024-04-30 00:00:00
284,16,2024-04-30,300.09,521.82,2,600.18,57.5,2024-04-30 00:00:00
285,17,2024-04-30,600.24,812.21,1,600.24,73.9,2024-04-30 00:00:00
286,18,2024-04-30,165.57,530.93,4,662.28,31.2,2024-04-30 00:00:00
287,19,2024-04-30,344.63,873.0,2,689.25,39.5,2024-04-30 00:00:00
288,20,2024-04-30,209.57,1991.1,3,628.71,10.5,2024-04-30 00:00:00
289,21,2024-04-30,600.4,666.84,0,600.4,90.0,2024-04-30 00:00:00
290,22,2024-04-30,179.98,1281.64,4,719.91,14.0,2024-04-30 00:00:00
291,23,2024-04-30,648.74,681.98,0,648.74,95.1,2024-04-30 00:00:00
292,24,2024-04-30,178.65,503.98,4,714.59,35.4,2024-04-30 00:00:00
293,25,2024-04-30,222.71,1775.59,3,668.13,12.5,2024-04-30 00:00:00
294,26,2024-04-30,698.45,1612.07,1,698.45,43.3,2024-04-30 00:00:00
295,27,2024-04-30,208.06,708.3,3,624.18,29.4,2024-04-30 00:00:00
296,28,2024-04-30,170.2,1185.12,4,680.79,14.4,2024-04-30 00:00:00
297,29,2024-04-30,171.8,1917.61,4,687.21,9.0,2024-04-30 00:00:00
298,30,2024-04-30,151.34,1610.02,4,605.37,9.4,2024-04-30 00:00:00
299,31,2024-04-30,128.08,513.36,5,640.42,25.0,2024-04-30 00:00:00
300,32,2024-04-30,713.14,1314.99,0,713.14,54.2,2024-04-30 00:00:00
301,33,2024-04-30,162.76,1799.9,4,651.03,9.0,2024-04-30 00:00:00
302,34,2024-04-30,209.8,1999.96,3,629.39,10.5,2024-04-30 00:00:00
303,35,2024-04-30,174.48,575.99,4,697.91,30.3,2024-04-30 00:00:00
304,36,2024-04-30,158.32,1958.66,4,633.28,8.1,2024-04-30 00:00:00
305,37,2024-04-30,204.75,828.68,3,614.25,24.7,2024-04-30 00:00:00
306,38,2024-04-30,714.37,645.17,1,714.37,100.0,2024-04-30 00:00:00
307,39,2024-04-30,662.81,623.72,0,662.81,100.0,2024-04-30 00:00:00
308,40,2024-04-30,679.46,627.74,0,679.46,100.0,2024-04-30 00:00:00
309,41,2024-04-30,341.66,1332.94,2,683.32,25.6,2024-04-30 00:00:00
310,42,2024-04-30,691.11,994.59,1,691.11,69.5,2024-04-30 00:00:00
311,43,2024-04-30,309.0,1944.28,2,618.01,15.9,2024-04-30 00:00:00
312,44,2024-04-30,126.23,527.26,5,631.17,23.9,2024-04-30 00:00:00
313,45,2024-04-30,608.21,1771.8,0,608.21,34.3,2024-04-30 00:00:00
314,46,2024-04-30,633.33,805.18,1,633.33,78.7,2024-04-30 00:00:00
315,47,2024-04-30,212.87,1116.67,3,638.6,19.1,2024-04-30 00:00:00
316,48,2024-04-30,167.92,1915.17,4,671.67,8.8,2024-04-30 00:00:00
317,49,2024-04-30,126.56,925.08,5,632.8,13.7,2024-04-30 00:00:00
318,50,2024-04-30,205.93,1106.63,3,617.79,18.6,2024-04-30 00:00:00
319,51,2024-04-30,666.06,580.5,0,666.06,100.0,2024-04-30 00:00:00
320,52,2024-04-30,137.3,900.49,5,686.52,15.2,2024-04-30 00:00:00
321,53,2024-04-30,138.48,1715.17,5,692.4,8.1,2024-04-30 00:00:00
322,54,2024-04-30,132.17,1865.37,5,660.84,7.1,2024-04-30 00:00:00
323,55,2024-04-30,125.34,1880.98,5,626.7,6.7,2024-04-30 00:00:00
324,56,2024-04-30,358.09,1170.11,2,716.18,30.6,2024-04-30 00:00:00
325,57,2024-04-30,205.63,723.94,3,616.89,28.4,2024-04-30 00:00:00
326,58,2024-04-30,176.62,1296.32,4,706.47,13.6,2024-04-30 00:00:00
327,59,2024-04-30,127.79,1245.32,5,638.97,10.3,2024-04-30 00:00:00
328,60,2024-04-30,694.76,703.91,1,694.76,98.7,2024-04-30 00:00:00
329,61,2024-04-30,649.39,1037.77,1,649.39,62.6,2024-04-30 00:00:00
330,62,2024-04-30,641.33,739.65,1,641.33,86.7,2024-04-30 00:00:00
331,63,2024-04-30,635.36,1181.65,0,635.36,53.8,2024-04-30 00:00:00
332,64,2024-04-30,719.1,739.21,0,719.1,97.3,2024-04-30 00:00:00
333,65,2024-04-30,666.2,1340.02,1,666.2,49.7,2024-04-30 00:00:00
334,66,2024-04-30,153.49,998.02,4,613.94,15.4,2024-04-30 00:00:00
335,67,2024-04-30,675.4,1128.01,0,675.4,59.9,2024-04-30 00:00:00
336,1,2024-05-30,320.76,1679.45,2,641.51,19.1,2024-05-30 00:00:00
337,2,2024-05-30,140.79,526.85,5,703.95,26.7,2024-05-30 00:00:00
338,3,2024-05-30,607.3,1096.37,0,607.3,55.4,2024-05-30 00:00:00
339,4,2024-05-30,606.65,1402.42,1,606.65,43.3,2024-05-30 00:00:00
340,5,2024-05-30,606.45,1139.71,0,606.45,53.2,2024-05-30 00:00:00
341,6,2024-05-30,662.68,691.68,1,662.68,95.8,2024-05-30 00:00:00
342,7,2024-05-30,610.77,1187.42,0,610.77,51.4,2024-05-30 00:00:00
343,8,2024-05-30,624.06,1818.47,1,624.06,34.3,2024-05-30 00:00:00
344,9,2024-05-30,172.05,1856.12,4,688.2,9.3,2024-05-30 00:00:00
345,10,2024-05-30,202.75,1887.85,3,608.24,10.7,2024-05-30 00:00:00
346,11,2024-05-30,678.58,634.36,0,678.58,100.0,2024-05-30 00:00:00
347,12,2024-05-30,171.46,896.74,4,685.84,19.1,2024-05-30 00:00:00
348,13,2024-05-30,130.31,517.29,5,651.53,25.2,2024-05-30 00:00:00
349,14,2024-05-30,714.69,1627.15,1,714.69,43.9,2024-05-30 00:00:00
350,15,2024-05-30,141.92,1657.86,5,709.61,8.6,2024-05-30 00:00:00
351,16,2024-05-30,322.91,1630.88,2,645.82,19.8,2024-05-30 00:00:00
352,17,2024-05-30,339.31,569.01,2,678.61,59.6,2024-05-30 00:00:00
353,18,2024-05-30,216.76,1840.75,3,650.28,11.8,2024-05-30 00:00:00
354,19,2024-05-30,127.2,828.14,5,635.98,15.4,2024-05-30 00:00:00
355,20,2024-05-30,612.85,1737.83,0,612.85,35.3,2024-05-30 00:00:00
356,21,2024-05-30,600.82,632.17,1,600.82,95.0,2024-05-30 00:00:00
357,22,2024-05-30,139.17,1248.83,5,695.83,11.1,2024-05-30 00:00:00
358,23,2024-05-30,127.42,1974.55,5,637.1,6.5,2024-05-30 00:00:00
359,24,2024-05-30,314.09,1768.02,2,628.19,17.8,2024-05-30 00:00:00
360,25,2024-05-30,203.32,1337.5,3,609.97,15.2,2024-05-30 00:00:00
361,26,2024-05-30,155.07,1998.76,4,620.29,7.8,2024-05-30 00:00:00
362,27,2024-05-30,689.93,1910.3,0,689.93,36.1,2024-05-30 00:00:00
363,28,2024-05-30,226.73,689.33,3,680.18,32.9,2024-05-30 00:00:00
364,29,2024-05-30,239.47,774.91,3,718.42,30.9,2024-05-30 00:00:00
365,30,2024-05-30,228.14,1264.08,3,684.43,18.0,2024-05-30 00:00:00
366,31,2024-05-30,355.91,1081.14,2,711.83,32.9,2024-05-30 00:00:00
367,32,2024-05-30,702.71,1674.76,1,702.71,42.0,2024-05-30 00:00:00
368,33,2024-05-30,714.77,914.09,0,714.77,78.2,2024-05-30 00:00:00
369,34,2024-05-30,235.35,1432.1,3,706.06,16.4,2024-05-30 00:00:00
370,35,2024-05-30,163.26,1113.15,4,653.04,14.7,2024-05-30 00:00:00
371,36,2024-05-30,347.41,1784.39,2,694.81,19.5,2024-05-30 00:00:00
372,37,2024-05-30,233.19,940.18,3,699.58,24.8,2024-05-30 00:00:00
373,38,2024-05-30,151.8,1493.59,4,607.21,10.2,2024-05-30 00:00:00
374,39,2024-05-30,604.38,811.54,0,604.38,74.5,2024-05-30 00:00:00
375,40,2024-05-30,696.75,1962.45,0,696.75,35.5,2024-05-30 00:00:00
376,41,2024-05-30,164.5,954.96,4,658.0,17.2,2024-05-30 00:00:00
377,42,2024-05-30,615.07,952.01,1,615.07,64.6,2024-05-30 00:00:00
378,43,2024-05-30,348.7,969.81,2,697.4,36.0,2024-05-30 00:00:00
379,44,2024-05-30,343.56,961.4,2,687.13,35.7,2024-05-30 00:00:00
380,45,2024-05-30,221.91,1818.06,3,665.72,12.2,2024-05-30 00:00:00
381,46,2024-05-30,610.43,1921.21,1,610.43,31.8,2024-05-30 00:00:00
382,47,2024-05-30,233.74,1685.94,3,701.22,13.9,2024-05-30 00:00:00
383,48,2024-05-30,309.82,1406.9,2,619.64,22.0,2024-05-30 00:00:00
384,49,2024-05-30,602.06,885.17,1,602.06,68.0,2024-05-30 00:00:00
385,50,2024-05-30,126.63,1099.5,5,633.17,11.5,2024-05-30 00:00:00
386,51,2024-05-30,691.97,924.58,0,691.97,74.8,2024-05-30 00:00:00
387,52,2024-05-30,134.7,651.61,5,673.5,20.7,2024-05-30 00:00:00
388,53,2024-05-30,166.51,1661.17,4,666.05,10.0,2024-05-30 00:00:00
389,54,2024-05-30,209.96,1296.79,3,629.89,16.2,2024-05-30 00:00:00
390,55,2024-05-30,209.34,1785.76,3,628.02,11.7,2024-05-30 00:00:00
391,56,2024-05-30,134.08,838.02,5,670.41,16.0,2024-05-30 00:00:00
392,57,2024-05-30,174.19,931.25,4,696.75,18.7,2024-05-30 00:00:00
393,58,2024-05-30,165.5,1586.02,4,662.02,10.4,2024-05-30 00:00:00
394,59,2024-05-30,221.47,1380.03,3,664.42,16.0,2024-05-30 00:00:00
395,60,2024-05-30,210.39,1989.61,3,631.16,10.6,2024-05-30 00:00:00
396,61,2024-05-30,350.8,1661.2,2,701.61,21.1,2024-05-30 00:00:00
397,62,2024-05-30,621.81,1724.84,0,621.81,36.1,2024-05-30 00:00:00
398,63,2024-05-30,318.66,741.5,2,637.32,43.0,2024-05-30 00:00:00
399,64,2024-05-30,304.94,1484.77,2,609.87,20.5,2024-05-30 00:00:00
400,65,2024-05-30,703.58,1589.31,1,703.58,44.3,2024-05-30 00:00:00
401,66,2024-05-30,202.04,677.7,3,606.11,29.8,2024-05-30 00:00:00
402,67,2024-05-30,162.72,1416.95,4,650.87,11.5,2024-05-30 00:00:00
403,1,2024-06-29,659.6,1735.69,1,659.6,38.0,2024-06-29 00:00:00
404,2,2024-06-29,135.4,650.72,5,677.02,20.8,2024-06-29 00:00:00
405,3,2024-06-29,718.49,1257.85,0,718.49,57.1,2024-06-29 00:00:00
406,4,2024-06-29,719.94,803.95,0,719.94,89.5,2024-06-29 00:00:00
407,5,2024-06-29,163.4,802.47,4,653.61,20.4,2024-06-29 00:00:00
408,6,2024-06-29,168.13,1742.11,4,672.53,9.7,2024-06-29 00:00:00
409,7,2024-06-29,610.74,1936.95,0,610.74,31.5,2024-06-29 00:00:00
410,8,2024-06-29,625.18,914.03,0,625.18,68.4,2024-06-29 00:00:00
411,9,2024-06-29,232.53,1878.48,3,697.59,12.4,2024-06-29 00:00:00
412,10,2024-06-29,131.91,861.05,5,659.57,15.3,2024-06-29 00:00:00
413,11,2024-06-29,230.48,648.35,3,691.43,35.5,2024-06-29 00:00:00
414,12,2024-06-29,693.68,1332.16,0,693.68,52.1,2024-06-29 00:00:00
415,13,2024-06-29,138.18,657.44,5,690.92,21.0,2024-06-29 00:00:00
416,14,2024-06-29,691.27,1826.16,1,691.27,37.9,2024-06-29 00:00:00
417,15,2024-06-29,137.17,1909.86,5,685.83,7.2,2024-06-29 00:00:00
418,16,2024-06-29,686.61,1966.65,0,686.61,34.9,2024-06-29 00:00:00
419,17,2024-06-29,169.44,887.56,4,677.76,19.1,2024-06-29 00:00:00
420,18,2024-06-29,131.2,1768.1,5,656.0,7.4,2024-06-29 00:00:00
421,19,2024-06-29,355.28,1285.83,2,710.55,27.6,2024-06-29 00:00:00
422,20,2024-06-29,624.72,1443.03,0,624.72,43.3,2024-06-29 00:00:00
423,21,2024-06-29,640.52,1156.32,1,640.52,55.4,2024-06-29 00:00:00
424,22,2024-06-29,602.72,748.47,0,602.72,80.5,2024-06-29 00:00:00
425,23,2024-06-29,165.85,1883.94,4,663.42,8.8,2024-06-29 00:00:00
426,24,2024-06-29,220.9,1800.84,3,662.71,12.3,2024-06-29 00:00:00
427,25,2024-06-29,693.53,505.19,1,693.53,100.0,2024-06-29 00:00:00
428,26,2024-06-29,685.81,1398.12,0,685.81,49.1,2024-06-29 00:00:00
429,27,2024-06-29,204.23,1201.92,3,612.69,17.0,2024-06-29 00:00:00
430,28,2024-06-29,132.29,541.24,5,661.44,24.4,2024-06-29 00:00:00
431,29,2024-06-29,239.04,1668.8,3,717.11,14.3,2024-06-29 00:00:00
432,30,2024-06-29,681.22,731.94,1,681.22,93.1,2024-06-29 00:00:00
433,31,2024-06-29,169.01,1818.67,4,676.05,9.3,2024-06-29 00:00:00
434,32,2024-06-29,219.62,1076.3,3,658.85,20.4,2024-06-29 00:00:00
435,33,2024-06-29,658.22,680.92,1,658.22,96.7,2024-06-29 00:00:00
436,34,2024-06-29,653.69,1756.25,0,653.69,37.2,2024-06-29 00:00:00
437,35,2024-06-29,707.96,1128.84,0,707.96,62.7,2024-06-29 00:00:00
438,36,2024-06-29,332.82,510.46,2,665.64,65.2,2024-06-29 00:00:00
439,37,2024-06-29,133.18,1510.6,5,665.88,8.8,2024-06-29 00:00:00
440,38,2024-06-29,234.69,1676.57,3,704.06,14.0,2024-06-29 00:00:00
441,39,2024-06-29,620.37,1250.75,0,620.37,49.6,2024-06-29 00:00:00
442,40,2024-06-29,311.65,885.34,2,623.3,35.2,2024-06-29 00:00:00
443,41,2024-06-29,705.16,1652.05,1,705.16,42.7,2024-06-29 00:00:00
444,42,2024-06-29,716.43,1946.01,1,716.43,36.8,2024-06-29 00:00:00
445,43,2024-06-29,151.14,682.31,4,604.57,22.2,2024-06-29 00:00:00
446,44,2024-06-29,170.07,1989.97,4,680.27,8.5,2024-06-29 00:00:00
447,45,2024-06-29,350.81,1073.64,2,701.63,32.7,2024-06-29 00:00:00
448,46,2024-06-29,131.33,889.37,5,656.66,14.8,2024-06-29 00:00:00
449,47,2024-06-29,227.29,1083.4,3,681.87,21.0,2024-06-29 00:00:00
450,48,2024-06-29,224.79,1034.76,3,674.37,21.7,2024-06-29 00:00:00
451,49,2024-06-29,175.49,677.59,4,701.96,25.9,2024-06-29 00:00:00
452,50,2024-06-29,341.82,1871.59,2,683.64,18.3,2024-06-29 00:00:00
453,51,2024-06-29,610.73,1909.4,1,610.73,32.0,2024-06-29 00:00:00
454,52,2024-06-29,700.65,582.38,0,700.65,100.0,2024-06-29 00:00:00
455,53,2024-06-29,646.61,1841.97,1,646.61,35.1,2024-06-29 00:00:00
456,54,2024-06-29,626.11,506.62,0,626.11,100.0,2024-06-29 00:00:00
457,55,2024-06-29,132.54,1045.97,5,662.72,12.7,2024-06-29 00:00:00
458,56,2024-06-29,633.85,887.04,1,633.85,71.5,2024-06-29 00:00:00
459,57,2024-06-29,136.68,817.82,5,683.38,16.7,2024-06-29 00:00:00
460,58,2024-06-29,669.35,1430.0,1,669.35,46.8,2024-06-29 00:00:00
461,59,2024-06-29,330.2,932.84,2,660.41,35.4,2024-06-29 00:00:00
462,60,2024-06-29,636.17,830.59,0,636.17,76.6,2024-06-29 00:00:00
463,61,2024-06-29,224.03,660.71,3,672.08,33.9,2024-06-29 00:00:00
464,62,2024-06-29,637.97,1714.23,0,637.97,37.2,2024-06-29 00:00:00
465,63,2024-06-29,612.11,842.95,1,612.11,72.6,2024-06-29 00:00:00
466,64,2024-06-29,219.05,1867.39,3,657.15,11.7,2024-06-29 00:00:00
467,65,2024-06-29,133.2,1047.09,5,666.01,12.7,2024-06-29 00:00:00
468,66,2024-06-29,324.26,1082.2,2,648.51,30.0,2024-06-29 00:00:00
469,67,2024-06-29,680.13,1691.28,1,680.13,40.2,2024-06-29 00:00:00
470,1,2024-07-29,313.96,1903.58,2,627.92,16.5,2024-07-29 00:00:00
471,2,2024-07-29,600.38,1324.93,0,600.38,45.3,2024-07-29 00:00:00
472,3,2024-07-29,705.66,525.61,0,705.66,100.0,2024-07-29 00:00:00
473,4,2024-07-29,216.82,914.21,3,650.47,23.7,2024-07-29 00:00:00
474,5,2024-07-29,658.87,1653.06,1,658.87,39.9,2024-07-29 00:00:00
475,6,2024-07-29,173.62,1730.39,4,694.47,10.0,2024-07-29 00:00:00
476,7,2024-07-29,638.41,1783.28,0,638.41,35.8,2024-07-29 00:00:00
477,8,2024-07-29,319.26,870.17,2,638.51,36.7,2024-07-29 00:00:00
478,9,2024-07-29,616.42,1647.38,0,616.42,37.4,2024-07-29 00:00:00
479,10,2024-07-29,236.3,1655.64,3,708.91,14.3,2024-07-29 00:00:00
480,11,2024-07-29,616.08,994.27,0,616.08,62.0,2024-07-29 00:00:00
481,12,2024-07-29,164.93,1388.41,4,659.73,11.9,2024-07-29 00:00:00
482,13,2024-07-29,315.58,647.69,2,631.15,48.7,2024-07-29 00:00:00
483,14,2024-07-29,121.09,1064.57,5,605.47,11.4,2024-07-29 00:00:00
484,15,2024-07-29,163.86,1507.17,4,655.42,10.9,2024-07-29 00:00:00
485,16,2024-07-29,200.75,840.62,3,602.26,23.9,2024-07-29 00:00:00
486,17,2024-07-29,326.11,943.45,2,652.22,34.6,2024-07-29 00:00:00
487,18,2024-07-29,346.3,1607.22,2,692.6,21.5,2024-07-29 00:00:00
488,19,2024-07-29,218.74,1134.28,3,656.23,19.3,2024-07-29 00:00:00
489,20,2024-07-29,652.99,555.02,0,652.99,100.0,2024-07-29 00:00:00
490,21,2024-07-29,607.34,540.97,1,607.34,100.0,2024-07-29 00:00:00
491,22,2024-07-29,643.4,1250.06,0,643.4,51.5,2024-07-29 00:00:00
492,23,2024-07-29,131.54,1708.26,5,657.68,7.7,2024-07-29 00:00:00
493,24,2024-07-29,657.74,1992.36,1,657.74,33.0,2024-07-29 00:00:00
494,25,2024-07-29,611.72,1583.99,1,611.72,38.6,2024-07-29 00:00:00
495,26,2024-07-29,663.61,977.08,1,663.61,67.9,2024-07-29 00:00:00
496,27,2024-07-29,211.86,1664.48,3,635.58,12.7,2024-07-29 00:00:00
497,28,2024-07-29,330.2,609.34,2,660.39,54.2,2024-07-29 00:00:00
498,29,2024-07-29,226.87,986.48,3,680.61,23.0,2024-07-29 00:00:00
499,30,2024-07-29,667.51,1074.98,1,667.51,62.1,2024-07-29 00:00:00
500,31,2024-07-29,227.41,998.5,3,682.23,22.8,2024-07-29 00:00:00
501,32,2024-07-29,707.22,1104.24,1,707.22,64.0,2024-07-29 00:00:00
502,33,2024-07-29,175.02,778.9,4,700.07,22.5,2024-07-29 00:00:00
503,34,2024-07-29,216.66,1995.55,3,649.99,10.9,2024-07-29 00:00:00
504,35,2024-07-29,653.44,876.01,0,653.44,74.6,2024-07-29 00:00:00
505,36,2024-07-29,124.96,1838.55,5,624.82,6.8,2024-07-29 00:00:00
506,37,2024-07-29,703.16,1217.35,0,703.16,57.8,2024-07-29 00:00:00
507,38,2024-07-29,312.49,1559.61,2,624.99,20.0,2024-07-29 00:00:00
508,39,2024-07-29,219.04,1322.73,3,657.11,16.6,2024-07-29 00:00:00
509,40,2024-07-29,336.22,1537.44,2,672.45,21.9,2024-07-29 00:00:00
510,41,2024-07-29,162.94,826.83,4,651.75,19.7,2024-07-29 00:00:00
511,42,2024-07-29,224.3,1255.92,3,672.89,17.9,2024-07-29 00:00:00
512,43,2024-07-29,136.66,1109.66,5,683.29,12.3,2024-07-29 00:00:00
513,44,2024-07-29,177.56,1696.0,4,710.22,10.5,2024-07-29 00:00:00
514,45,2024-07-29,223.65,1284.97,3,670.96,17.4,2024-07-29 00:00:00
515,46,2024-07-29,683.27,850.63,0,683.27,80.3,2024-07-29 00:00:00
516,47,2024-07-29,631.16,1670.26,1,631.16,37.8,2024-07-29 00:00:00
517,48,2024-07-29,682.48,1020.28,0,682.48,66.9,2024-07-29 00:00:00
518,49,2024-07-29,173.16,1915.39,4,692.64,9.0,2024-07-29 00:00:00
519,50,2024-07-29,162.54,1211.4,4,650.17,13.4,2024-07-29 00:00:00
520,51,2024-07-29,335.77,625.71,2,671.54,53.7,2024-07-29 00:00:00
521,52,2024-07-29,346.59,1174.06,2,693.18,29.5,2024-07-29 00:00:00
522,53,2024-07-29,135.75,971.41,5,678.75,14.0,2024-07-29 00:00:00
523,54,2024-07-29,202.31,982.5,3,606.93,20.6,2024-07-29 00:00:00
524,55,2024-07-29,176.46,1210.53,4,705.82,14.6,2024-07-29 00:00:00
525,56,2024-07-29,320.66,1249.72,2,641.31,25.7,2024-07-29 00:00:00
526,57,2024-07-29,670.4,738.18,0,670.4,90.8,2024-07-29 00:00:00
527,58,2024-07-29,699.74,1793.98,1,699.74,39.0,2024-07-29 00:00:00
528,59,2024-07-29,701.41,1290.45,1,701.41,54.4,2024-07-29 00:00:00
529,60,2024-07-29,229.98,1215.29,3,689.95,18.9,2024-07-29 00:00:00
530,61,2024-07-29,124.95,695.36,5,624.75,18.0,2024-07-29 00:00:00
531,62,2024-07-29,621.05,589.45,1,621.05,100.0,2024-07-29 00:00:00
532,63,2024-07-29,204.13,1465.2,3,612.39,13.9,2024-07-29 00:00:00
533,64,2024-07-29,233.21,1642.37,3,699.62,14.2,2024-07-29 00:00:00
534,65,2024-07-29,217.04,1476.87,3,651.11,14.7,2024-07-29 00:00:00
535,66,2024-07-29,204.26,681.04,3,612.79,30.0,2024-07-29 00:00:00
536,67,2024-07-29,309.46,746.57,2,618.91,41.5,2024-07-29 00:00:00
537,1,2024-08-28,306.84,1824.56,2,613.68,16.8,2024-08-28 00:00:00
538,2,2024-08-28,162.12,902.31,4,648.5,18.0,2024-08-28 00:00:00
539,3,2024-08-28,644.98,1330.19,0,644.98,48.5,2024-08-28 00:00:00
540,4,2024-08-28,238.21,1910.0,3,714.64,12.5,2024-08-28 00:00:00
541,5,2024-08-28,175.69,511.8,4,702.78,34.3,2024-08-28 00:00:00
542,6,2024-08-28,707.82,768.76,0,707.82,92.1,2024-08-28 00:00:00
543,7,2024-08-28,173.84,1620.32,4,695.37,10.7,2024-08-28 00:00:00
544,8,2024-08-28,311.06,520.87,2,622.13,59.7,2024-08-28 00:00:00
545,9,2024-08-28,233.15,1096.28,3,699.46,21.3,2024-08-28 00:00:00
546,10,2024-08-28,150.76,590.83,4,603.03,25.5,2024-08-28 00:00:00
547,11,2024-08-28,235.34,607.18,3,706.02,38.8,2024-08-28 00:00:00
548,12,2024-08-28,696.75,1639.21,1,696.75,42.5,2024-08-28 00:00:00
549,13,2024-08-28,653.48,620.58,1,653.48,100.0,2024-08-28 00:00:00
550,14,2024-08-28,341.12,1667.8,2,682.23,20.5,2024-08-28 00:00:00
551,15,2024-08-28,335.0,1912.04,2,670.0,17.5,2024-08-28 00:00:00
552,16,2024-08-28,233.41,813.02,3,700.22,28.7,2024-08-28 00:00:00
553,17,2024-08-28,322.6,775.31,2,645.21,41.6,2024-08-28 00:00:00
554,18,2024-08-28,703.56,835.82,0,703.56,84.2,2024-08-28 00:00:00
555,19,2024-08-28,158.36,1160.85,4,633.44,13.6,2024-08-28 00:00:00
556,20,2024-08-28,709.91,1165.4,1,709.91,60.9,2024-08-28 00:00:00
557,21,2024-08-28,714.95,507.99,1,714.95,100.0,2024-08-28 00:00:00
558,22,2024-08-28,230.25,548.77,3,690.75,42.0,2024-08-28 00:00:00
559,23,2024-08-28,618.75,987.64,0,618.75,62.6,2024-08-28 00:00:00
560,24,2024-08-28,134.71,1024.69,5,673.53,13.1,2024-08-28 00:00:00
561,25,2024-08-28,306.52,1979.96,2,613.05,15.5,2024-08-28 00:00:00
562,26,2024-08-28,134.51,1405.43,5,672.57,9.6,2024-08-28 00:00:00
563,27,2024-08-28,123.79,690.83,5,618.96,17.9,2024-08-28 00:00:00
564,28,2024-08-28,664.91,1637.17,1,664.91,40.6,2024-08-28 00:00:00
565,29,2024-08-28,153.54,630.51,4,614.14,24.4,2024-08-28 00:00:00
566,30,2024-08-28,339.13,1081.43,2,678.27,31.4,2024-08-28 00:00:00
567,31,2024-08-28,174.51,947.7,4,698.05,18.4,2024-08-28 00:00:00
568,32,2024-08-28,228.74,589.25,3,686.22,38.8,2024-08-28 00:00:00
569,33,2024-08-28,127.95,1178.84,5,639.74,10.9,2024-08-28 00:00:00
570,34,2024-08-28,666.36,757.47,1,666.36,88.0,2024-08-28 00:00:00
571,35,2024-08-28,670.57,955.58,1,670.57,70.2,2024-08-28 00:00:00
572,36,2024-08-28,135.04,897.16,5,675.19,15.1,2024-08-28 00:00:00
573,37,2024-08-28,228.91,1060.45,3,686.73,21.6,2024-08-28 00:00:00
574,38,2024-08-28,163.05,1258.5,4,652.18,13.0,2024-08-28 00:00:00
575,39,2024-08-28,229.93,1724.1,3,689.78,13.3,2024-08-28 00:00:00
576,40,2024-08-28,233.86,1990.58,3,701.58,11.7,2024-08-28 00:00:00
577,41,2024-08-28,665.48,532.55,0,665.48,100.0,2024-08-28 00:00:00
578,42,2024-08-28,667.81,1497.66,0,667.81,44.6,2024-08-28 00:00:00
579,43,2024-08-28,671.4,1763.61,1,671.4,38.1,2024-08-28 00:00:00
580,44,2024-08-28,708.49,748.86,0,708.49,94.6,2024-08-28 00:00:00
581,45,2024-08-28,352.93,1664.94,2,705.85,21.2,2024-08-28 00:00:00
582,46,2024-08-28,633.54,857.29,0,633.54,73.9,2024-08-28 00:00:00
583,47,2024-08-28,670.17,1313.32,0,670.17,51.0,2024-08-28 00:00:00
584,48,2024-08-28,641.82,760.03,1,641.82,84.4,2024-08-28 00:00:00
585,49,2024-08-28,620.8,788.64,1,620.8,78.7,2024-08-28 00:00:00
586,50,2024-08-28,642.9,1936.11,1,642.9,33.2,2024-08-28 00:00:00
587,51,2024-08-28,354.35,561.11,2,708.7,63.2,2024-08-28 00:00:00
588,52,2024-08-28,351.21,1708.04,2,702.42,20.6,2024-08-28 00:00:00
589,53,2024-08-28,176.54,589.07,4,706.17,30.0,2024-08-28 00:00:00
590,54,2024-08-28,317.02,839.36,2,634.04,37.8,2024-08-28 00:00:00
591,55,2024-08-28,141.54,1694.32,5,707.7,8.4,2024-08-28 00:00:00
592,56,2024-08-28,223.24,839.05,3,669.71,26.6,2024-08-28 00:00:00
593,57,2024-08-28,158.55,1719.74,4,634.18,9.2,2024-08-28 00:00:00
594,58,2024-08-28,155.81,1675.05,4,623.24,9.3,2024-08-28 00:00:00
595,59,2024-08-28,705.02,1663.65,1,705.02,42.4,2024-08-28 00:00:00
596,60,2024-08-28,647.29,941.81,1,647.29,68.7,2024-08-28 00:00:00
597,61,2024-08-28,205.29,744.82,3,615.87,27.6,2024-08-28 00:00:00
598,62,2024-08-28,641.62,1717.77,0,641.62,37.4,2024-08-28 00:00:00
599,63,2024-08-28,179.99,1619.93,4,719.98,11.1,2024-08-28 00:00:00
600,64,2024-08-28,699.8,845.74,1,699.8,82.7,2024-08-28 00:00:00
601,65,2024-08-28,305.43,1682.99,2,610.86,18.1,2024-08-28 00:00:00
602,66,2024-08-28,653.32,1819.56,0,653.32,35.9,2024-08-28 00:00:00
603,67,2024-08-28,161.78,1000.01,4,647.14,16.2,2024-08-28 00:00:00
604,1,2024-09-27,168.03,1861.51,4,672.14,9.0,2024-09-27 00:00:00
605,2,2024-09-27,614.15,700.85,0,614.15,87.6,2024-09-27 00:00:00
606,3,2024-09-27,216.06,864.09,3,648.18,25.0,2024-09-27 00:00:00
607,4,2024-09-27,212.36,612.88,3,637.08,34.6,2024-09-27 00:00:00
608,5,2024-09-27,607.87,1057.54,1,607.87,57.5,2024-09-27 00:00:00
609,6,2024-09-27,671.44,522.33,1,671.44,100.0,2024-09-27 00:00:00
610,7,2024-09-27,122.23,1800.45,5,611.15,6.8,2024-09-27 00:00:00
611,8,2024-09-27,213.68,804.72,3,641.03,26.6,2024-09-27 00:00:00
612,9,2024-09-27,670.31,1978.98,0,670.31,33.9,2024-09-27 00:00:00
613,10,2024-09-27,203.04,771.22,3,609.12,26.3,2024-09-27 00:00:00
614,11,2024-09-27,214.9,843.62,3,644.69,25.5,2024-09-27 00:00:00
615,12,2024-09-27,713.3,1583.82,1,713.3,45.0,2024-09-27 00:00:00
616,13,2024-09-27,328.41,1782.46,2,656.81,18.4,2024-09-27 00:00:00
617,14,2024-09-27,168.89,726.72,4,675.55,23.2,2024-09-27 00:00:00
618,15,2024-09-27,204.12,1097.96,3,612.35,18.6,2024-09-27 00:00:00
619,16,2024-09-27,120.61,1858.56,5,603.05,6.5,2024-09-27 00:00:00
620,17,2024-09-27,653.83,1431.22,0,653.83,45.7,2024-09-27 00:00:00
621,18,2024-09-27,600.54,1649.68,0,600.54,36.4,2024-09-27 00:00:00
622,19,2024-09-27,137.8,1389.64,5,689.02,9.9,2024-09-27 00:00:00
623,20,2024-09-27,318.92,1299.57,2,637.85,24.5,2024-09-27 00:00:00
624,21,2024-09-27,622.93,706.14,0,622.93,88.2,2024-09-27 00:00:00
625,22,2024-09-27,642.46,1557.73,0,642.46,41.2,2024-09-27 00:00:00
626,23,2024-09-27,321.28,845.41,2,642.56,38.0,2024-09-27 00:00:00
627,24,2024-09-27,312.59,976.69,2,625.19,32.0,2024-09-27 00:00:00
628,25,2024-09-27,669.83,1657.84,0,669.83,40.4,2024-09-27 00:00:00
629,26,2024-09-27,679.94,657.6,1,679.94,100.0,2024-09-27 00:00:00
630,27,2024-09-27,219.4,574.05,3,658.21,38.2,2024-09-27 00:00:00
631,28,2024-09-27,123.35,1386.92,5,616.76,8.9,2024-09-27 00:00:00
632,29,2024-09-27,644.92,1199.21,1,644.92,53.8,2024-09-27 00:00:00
633,30,2024-09-27,618.4,1611.87,1,618.4,38.4,2024-09-27 00:00:00
634,31,2024-09-27,157.09,640.14,4,628.35,24.5,2024-09-27 00:00:00
635,32,2024-09-27,139.15,1727.96,5,695.75,8.1,2024-09-27 00:00:00
636,33,2024-09-27,173.74,982.0,4,694.95,17.7,2024-09-27 00:00:00
637,34,2024-09-27,142.26,1386.05,5,711.32,10.3,2024-09-27 00:00:00
638,35,2024-09-27,164.49,511.14,4,657.97,32.2,2024-09-27 00:00:00
639,36,2024-09-27,225.36,562.17,3,676.09,40.1,2024-09-27 00:00:00
640,37,2024-09-27,715.4,1744.27,1,715.4,41.0,2024-09-27 00:00:00
641,38,2024-09-27,670.67,1820.94,1,670.67,36.8,2024-09-27 00:00:00
642,39,2024-09-27,214.17,1979.27,3,642.51,10.8,2024-09-27 00:00:00
643,40,2024-09-27,178.28,1036.95,4,713.13,17.2,2024-09-27 00:00:00
644,41,2024-09-27,228.66,748.89,3,685.97,30.5,2024-09-27 00:00:00
645,42,2024-09-27,211.0,1498.27,3,632.99,14.1,2024-09-27 00:00:00
646,43,2024-09-27,338.19,1825.13,2,676.38,18.5,2024-09-27 00:00:00
647,44,2024-09-27,344.11,1678.42,2,688.23,20.5,2024-09-27 00:00:00
648,45,2024-09-27,133.0,1295.61,5,664.98,10.3,2024-09-27 00:00:00
649,46,2024-09-27,341.97,1958.99,2,683.94,17.5,2024-09-27 00:00:00
650,47,2024-09-27,205.4,1565.9,3,616.2,13.1,2024-09-27 00:00:00
651,48,2024-09-27,688.76,1682.8,0,688.76,40.9,2024-09-27 00:00:00
652,49,2024-09-27,205.01,899.19,3,615.04,22.8,2024-09-27 00:00:00
653,50,2024-09-27,643.49,1376.75,1,643.49,46.7,2024-09-27 00:00:00
654,51,2024-09-27,141.0,1885.97,5,704.99,7.5,2024-09-27 00:00:00
655,52,2024-09-27,694.29,1605.67,0,694.29,43.2,2024-09-27 00:00:00
656,53,2024-09-27,154.77,1087.69,4,619.08,14.2,2024-09-27 00:00:00
657,54,2024-09-27,300.52,775.35,2,601.03,38.8,2024-09-27 00:00:00
658,55,2024-09-27,642.32,659.43,1,642.32,97.4,2024-09-27 00:00:00
659,56,2024-09-27,129.74,1693.72,5,648.69,7.7,2024-09-27 00:00:00
660,57,2024-09-27,326.83,1635.4,2,653.67,20.0,2024-09-27 00:00:00
661,58,2024-09-27,670.68,1328.71,1,670.68,50.5,2024-09-27 00:00:00
662,59,2024-09-27,677.53,877.93,1,677.53,77.2,2024-09-27 00:00:00
663,60,2024-09-27,695.15,635.96,1,695.15,100.0,2024-09-27 00:00:00
664,61,2024-09-27,305.23,868.53,2,610.46,35.1,2024-09-27 00:00:00
665,62,2024-09-27,671.28,1354.6,1,671.28,49.6,2024-09-27 00:00:00
666,63,2024-09-27,171.06,1682.09,4,684.26,10.2,2024-09-27 00:00:00
667,64,2024-09-27,699.78,1126.26,1,699.78,62.1,2024-09-27 00:00:00
668,65,2024-09-27,649.19,1165.08,1,649.19,55.7,2024-09-27 00:00:00
669,66,2024-09-27,349.68,500.37,2,699.36,69.9,2024-09-27 00:00:00
670,67,2024-09-27,160.84,578.92,4,643.36,27.8,2024-09-27 00:00:00
671,1,2024-10-27,657.27,791.31,0,657.27,83.1,2024-10-27 00:00:00
672,2,2024-10-27,602.25,927.56,0,602.25,64.9,2024-10-27 00:00:00
673,3,2024-10-27,605.99,847.4,0,605.99,71.5,2024-10-27 00:00:00
674,4,2024-10-27,156.59,1640.39,4,626.35,9.5,2024-10-27 00:00:00
675,5,2024-10-27,664.65,1056.1,1,664.65,62.9,2024-10-27 00:00:00
676,6,2024-10-27,635.75,766.45,1,635.75,82.9,2024-10-27 00:00:00
677,7,2024-10-27,713.96,1195.52,0,713.96,59.7,2024-10-27 00:00:00
678,8,2024-10-27,683.38,833.29,0,683.38,82.0,2024-10-27 00:00:00
679,9,2024-10-27,711.81,1129.81,0,711.81,63.0,2024-10-27 00:00:00
680,10,2024-10-27,226.36,715.35,3,679.09,31.6,2024-10-27 00:00:00
681,11,2024-10-27,324.01,980.56,2,648.03,33.0,2024-10-27 00:00:00
682,12,2024-10-27,130.03,1885.2,5,650.16,6.9,2024-10-27 00:00:00
683,13,2024-10-27,239.02,1760.81,3,717.07,13.6,2024-10-27 00:00:00
684,14,2024-10-27,211.26,1805.46,3,633.77,11.7,2024-10-27 00:00:00
685,15,2024-10-27,142.55,1563.07,5,712.73,9.1,2024-10-27 00:00:00
686,16,2024-10-27,159.77,515.49,4,639.07,31.0,2024-10-27 00:00:00
687,17,2024-10-27,632.57,1194.54,1,632.57,53.0,2024-10-27 00:00:00
688,18,2024-10-27,226.36,635.2,3,679.08,35.6,2024-10-27 00:00:00
689,19,2024-10-27,122.67,1786.08,5,613.36,6.9,2024-10-27 00:00:00
690,20,2024-10-27,694.38,1974.56,1,694.38,35.2,2024-10-27 00:00:00
691,21,2024-10-27,142.48,672.0,5,712.42,21.2,2024-10-27 00:00:00
692,22,2024-10-27,342.75,1425.83,2,685.51,24.0,2024-10-27 00:00:00
693,23,2024-10-27,308.23,1947.5,2,616.47,15.8,2024-10-27 00:00:00
694,24,2024-10-27,646.69,800.07,0,646.69,80.8,2024-10-27 00:00:00
695,25,2024-10-27,306.98,914.03,2,613.96,33.6,2024-10-27 00:00:00
696,26,2024-10-27,207.15,1623.3,3,621.44,12.8,2024-10-27 00:00:00
697,27,2024-10-27,220.93,1204.8,3,662.8,18.3,2024-10-27 00:00:00
698,28,2024-10-27,235.77,1214.91,3,707.32,19.4,2024-10-27 00:00:00
699,29,2024-10-27,234.35,1628.08,3,703.04,14.4,2024-10-27 00:00:00
700,30,2024-10-27,336.26,812.64,2,672.53,41.4,2024-10-27 00:00:00
701,31,2024-10-27,698.25,770.09,0,698.25,90.7,2024-10-27 00:00:00
702,32,2024-10-27,656.81,1820.0,0,656.81,36.1,2024-10-27 00:00:00
703,33,2024-10-27,661.39,1787.52,0,661.39,37.0,2024-10-27 00:00:00
704,34,2024-10-27,700.31,1162.07,0,700.31,60.3,2024-10-27 00:00:00
705,35,2024-10-27,166.94,1241.62,4,667.76,13.4,2024-10-27 00:00:00
706,36,2024-10-27,124.39,758.65,5,621.93,16.4,2024-10-27 00:00:00
707,37,2024-10-27,333.62,1823.31,2,667.24,18.3,2024-10-27 00:00:00
708,38,2024-10-27,346.29,1167.94,2,692.58,29.6,2024-10-27 00:00:00
709,39,2024-10-27,206.73,616.65,3,620.19,33.5,2024-10-27 00:00:00
710,40,2024-10-27,231.24,903.0,3,693.71,25.6,2024-10-27 00:00:00
711,41,2024-10-27,174.72,1694.2,4,698.87,10.3,2024-10-27 00:00:00
712,42,2024-10-27,222.81,1358.9,3,668.43,16.4,2024-10-27 00:00:00
713,43,2024-10-27,643.07,1996.15,1,643.07,32.2,2024-10-27 00:00:00
714,44,2024-10-27,161.09,940.13,4,644.37,17.1,2024-10-27 00:00:00
715,45,2024-10-27,650.16,838.09,1,650.16,77.6,2024-10-27 00:00:00
716,46,2024-10-27,341.29,1351.73,2,682.59,25.2,2024-10-27 00:00:00
717,47,2024-10-27,163.02,759.43,4,652.06,21.5,2024-10-27 00:00:00
718,48,2024-10-27,678.34,1559.15,0,678.34,43.5,2024-10-27 00:00:00
719,49,2024-10-27,671.47,1968.88,0,671.47,34.1,2024-10-27 00:00:00
720,50,2024-10-27,337.55,840.7,2,675.1,40.2,2024-10-27 00:00:00
721,51,2024-10-27,142.65,969.43,5,713.23,14.7,2024-10-27 00:00:00
722,52,2024-10-27,229.04,761.57,3,687.13,30.1,2024-10-27 00:00:00
723,53,2024-10-27,168.1,851.68,4,672.41,19.7,2024-10-27 00:00:00
724,54,2024-10-27,669.79,1752.84,0,669.79,38.2,2024-10-27 00:00:00
725,55,2024-10-27,152.33,830.56,4,609.32,18.3,2024-10-27 00:00:00
726,56,2024-10-27,636.57,1507.94,0,636.57,42.2,2024-10-27 00:00:00
727,57,2024-10-27,129.85,1769.64,5,649.27,7.3,2024-10-27 00:00:00
728,58,2024-10-27,654.67,640.79,1,654.67,100.0,2024-10-27 00:00:00
729,59,2024-10-27,157.86,1934.28,4,631.43,8.2,2024-10-27 00:00:00
730,60,2024-10-27,647.54,818.42,0,647.54,79.1,2024-10-27 00:00:00
731,61,2024-10-27,172.57,1062.76,4,690.29,16.2,2024-10-27 00:00:00
732,62,2024-10-27,352.71,1764.86,2,705.42,20.0,2024-10-27 00:00:00
733,63,2024-10-27,233.96,884.61,3,701.89,26.4,2024-10-27 00:00:00
734,64,2024-10-27,230.2,697.06,3,690.6,33.0,2024-10-27 00:00:00
735,65,2024-10-27,644.13,1106.2,0,644.13,58.2,2024-10-27 00:00:00
736,66,2024-10-27,122.09,945.4,5,610.46,12.9,2024-10-27 00:00:00
737,67,2024-10-27,172.4,1059.15,4,689.59,16.3,2024-10-27 00:00:00
738,1,2024-11-26,617.9,1356.88,0,617.9,45.5,2024-11-26 00:00:00
739,2,2024-11-26,124.01,1213.07,5,620.03,10.2,2024-11-26 00:00:00
740,3,2024-11-26,693.25,1764.68,0,693.25,39.3,2024-11-26 00:00:00
741,4,2024-11-26,683.7,962.1,0,683.7,71.1,2024-11-26 00:00:00
742,5,2024-11-26,161.55,1474.72,4,646.21,11.0,2024-11-26 00:00:00
743,6,2024-11-26,643.6,935.08,1,643.6,68.8,2024-11-26 00:00:00
744,7,2024-11-26,201.33,1629.35,3,603.99,12.4,2024-11-26 00:00:00
745,8,2024-11-26,684.71,1849.14,1,684.71,37.0,2024-11-26 00:00:00
746,9,2024-11-26,223.69,1166.31,3,671.06,19.2,2024-11-26 00:00:00
747,10,2024-11-26,647.56,868.47,0,647.56,74.6,2024-11-26 00:00:00
748,11,2024-11-26,125.06,1466.92,5,625.32,8.5,2024-11-26 00:00:00
749,12,2024-11-26,228.03,1726.14,3,684.1,13.2,2024-11-26 00:00:00
750,13,2024-11-26,665.76,1831.5,0,665.76,36.4,2024-11-26 00:00:00
751,14,2024-11-26,124.4,703.46,5,622.01,17.7,2024-11-26 00:00:00
752,15,2024-11-26,236.45,1115.47,3,709.35,21.2,2024-11-26 00:00:00
753,16,2024-11-26,673.72,1463.56,0,673.72,46.0,2024-11-26 00:00:00
754,17,2024-11-26,220.32,1656.65,3,660.97,13.3,2024-11-26 00:00:00
755,18,2024-11-26,313.08,1260.6,2,626.16,24.8,2024-11-26 00:00:00
756,19,2024-11-26,134.35,1639.89,5,671.74,8.2,2024-11-26 00:00:00
757,20,2024-11-26,218.83,1739.68,3,656.49,12.6,2024-11-26 00:00:00
758,21,2024-11-26,208.17,807.87,3,624.52,25.8,2024-11-26 00:00:00
759,22,2024-11-26,683.57,1519.61,1,683.57,45.0,2024-11-26 00:00:00
760,23,2024-11-26,172.68,1540.4,4,690.71,11.2,2024-11-26 00:00:00
761,24,2024-11-26,689.03,1981.12,0,689.03,34.8,2024-11-26 00:00:00
762,25,2024-11-26,127.74,972.37,5,638.72,13.1,2024-11-26 00:00:00
763,26,2024-11-26,135.28,532.86,5,676.42,25.4,2024-11-26 00:00:00
764,27,2024-11-26,699.41,1356.5,1,699.41,51.6,2024-11-26 00:00:00
765,28,2024-11-26,631.48,1541.7,0,631.48,41.0,2024-11-26 00:00:00
766,29,2024-11-26,230.6,1784.67,3,691.8,12.9,2024-11-26 00:00:00
767,30,2024-11-26,175.93,1647.26,4,703.72,10.7,2024-11-26 00:00:00
768,31,2024-11-26,201.19,1524.19,3,603.57,13.2,2024-11-26 00:00:00
769,32,2024-11-26,700.67,1086.13,1,700.67,64.5,2024-11-26 00:00:00
770,33,2024-11-26,230.52,1643.8,3,691.56,14.0,2024-11-26 00:00:00
771,34,2024-11-26,141.51,1366.82,5,707.56,10.4,2024-11-26 00:00:00
772,35,2024-11-26,713.22,522.25,1,713.22,100.0,2024-11-26 00:00:00
773,36,2024-11-26,692.01,1370.32,1,692.01,50.5,2024-11-26 00:00:00
774,37,2024-11-26,152.4,1263.46,4,609.61,12.1,2024-11-26 00:00:00
775,38,2024-11-26,177.91,1992.79,4,711.66,8.9,2024-11-26 00:00:00
776,39,2024-11-26,154.62,1235.81,4,618.47,12.5,2024-11-26 00:00:00
777,40,2024-11-26,692.71,1553.64,1,692.71,44.6,2024-11-26 00:00:00
778,41,2024-11-26,654.9,850.07,0,654.9,77.0,2024-11-26 00:00:00
779,42,2024-11-26,664.07,1871.63,0,664.07,35.5,2024-11-26 00:00:00
780,43,2024-11-26,336.64,1733.54,2,673.29,19.4,2024-11-26 00:00:00
781,44,2024-11-26,158.76,757.42,4,635.03,21.0,2024-11-26 00:00:00
782,45,2024-11-26,136.69,545.31,5,683.45,25.1,2024-11-26 00:00:00
783,46,2024-11-26,125.63,1303.34,5,628.13,9.6,2024-11-26 00:00:00
784,47,2024-11-26,138.51,1826.41,5,692.53,7.6,2024-11-26 00:00:00
785,48,2024-11-26,341.23,1936.46,2,682.45,17.6,2024-11-26 00:00:00
786,49,2024-11-26,120.46,1459.6,5,602.31,8.3,2024-11-26 00:00:00
787,50,2024-11-26,168.31,923.42,4,673.26,18.2,2024-11-26 00:00:00
788,51,2024-11-26,719.27,1127.82,0,719.27,63.8,2024-11-26 00:00:00
789,52,2024-11-26,674.03,1398.22,0,674.03,48.2,2024-11-26 00:00:00
790,53,2024-11-26,207.59,1729.29,3,622.78,12.0,2024-11-26 00:00:00
791,54,2024-11-26,165.92,1051.8,4,663.66,15.8,2024-11-26 00:00:00
792,55,2024-11-26,313.92,1937.89,2,627.84,16.2,2024-11-26 00:00:00
793,56,2024-11-26,138.62,1868.69,5,693.09,7.4,2024-11-26 00:00:00
794,57,2024-11-26,697.41,1488.03,1,697.41,46.9,2024-11-26 00:00:00
795,58,2024-11-26,136.28,1546.06,5,681.4,8.8,2024-11-26 00:00:00
796,59,2024-11-26,228.99,1610.57,3,686.96,14.2,2024-11-26 00:00:00
797,60,2024-11-26,220.08,667.47,3,660.24,33.0,2024-11-26 00:00:00
798,61,2024-11-26,225.36,1891.13,3,676.08,11.9,2024-11-26 00:00:00
799,62,2024-11-26,339.8,1930.77,2,679.6,17.6,2024-11-26 00:00:00
800,63,2024-11-26,352.98,1516.7,2,705.96,23.3,2024-11-26 00:00:00
801,64,2024-11-26,612.35,1291.56,0,612.35,47.4,2024-11-26 00:00:00
802,65,2024-11-26,352.95,1475.74,2,705.9,23.9,2024-11-26 00:00:00
803,66,2024-11-26,135.8,1371.38,5,678.98,9.9,2024-11-26 00:00:00
804,67,2024-11-26,132.26,1851.88,5,661.32,7.1,2024-11-26 00:00:00
805,1,2024-12-26,712.74,992.85,1,712.74,71.8,2024-12-26 00:00:00
806,2,2024-12-26,657.11,1662.07,0,657.11,39.5,2024-12-26 00:00:00
807,3,2024-12-26,649.47,1905.37,1,649.47,34.1,2024-12-26 00:00:00
808,4,2024-12-26,235.19,947.52,3,705.58,24.8,2024-12-26 00:00:00
809,5,2024-12-26,168.87,805.38,4,675.49,21.0,2024-12-26 00:00:00
810,6,2024-12-26,141.56,547.17,5,707.79,25.9,2024-12-26 00:00:00
811,7,2024-12-26,654.51,1941.41,0,654.51,33.7,2024-12-26 00:00:00
812,8,2024-12-26,154.97,1103.17,4,619.87,14.0,2024-12-26 00:00:00
813,9,2024-12-26,155.22,1918.8,4,620.86,8.1,2024-12-26 00:00:00
814,10,2024-12-26,349.98,1805.18,2,699.95,19.4,2024-12-26 00:00:00
815,11,2024-12-26,345.14,1763.67,2,690.27,19.6,2024-12-26 00:00:00
816,12,2024-12-26,654.92,545.29,0,654.92,100.0,2024-12-26 00:00:00
817,13,2024-12-26,133.91,1274.51,5,669.53,10.5,2024-12-26 00:00:00
818,14,2024-12-26,155.52,1008.32,4,622.06,15.4,2024-12-26 00:00:00
819,15,2024-12-26,126.61,1470.27,5,633.07,8.6,2024-12-26 00:00:00
820,16,2024-12-26,150.07,612.89,4,600.26,24.5,2024-12-26 00:00:00
821,17,2024-12-26,122.7,1905.59,5,613.48,6.4,2024-12-26 00:00:00
822,18,2024-12-26,234.34,1399.76,3,703.03,16.7,2024-12-26 00:00:00
823,19,2024-12-26,216.25,757.24,3,648.74,28.6,2024-12-26 00:00:00
824,20,2024-12-26,150.99,698.65,4,603.97,21.6,2024-12-26 00:00:00
825,21,2024-12-26,628.81,700.2,0,628.81,89.8,2024-12-26 00:00:00
826,22,2024-12-26,676.27,680.07,0,676.27,99.4,2024-12-26 00:00:00
827,23,2024-12-26,207.78,1706.7,3,623.35,12.2,2024-12-26 00:00:00
828,24,2024-12-26,316.84,1852.03,2,633.67,17.1,2024-12-26 00:00:00
829,25,2024-12-26,161.44,827.51,4,645.78,19.5,2024-12-26 00:00:00
830,26,2024-12-26,126.07,1476.44,5,630.37,8.5,2024-12-26 00:00:00
831,27,2024-12-26,139.71,1997.48,5,698.56,7.0,2024-12-26 00:00:00
832,28,2024-12-26,609.75,1226.83,0,609.75,49.7,2024-12-26 00:00:00
833,29,2024-12-26,127.09,516.43,5,635.43,24.6,2024-12-26 00:00:00
834,30,2024-12-26,123.42,1492.89,5,617.11,8.3,2024-12-26 00:00:00
835,31,2024-12-26,312.9,743.46,2,625.79,42.1,2024-12-26 00:00:00
836,32,2024-12-26,152.7,1395.01,4,610.8,10.9,2024-12-26 00:00:00
837,33,2024-12-26,655.02,1889.05,1,655.02,34.7,2024-12-26 00:00:00
838,34,2024-12-26,666.16,872.97,1,666.16,76.3,2024-12-26 00:00:00
839,35,2024-12-26,216.2,899.39,3,648.61,24.0,2024-12-26 00:00:00
840,36,2024-12-26,121.41,1724.54,5,607.06,7.0,2024-12-26 00:00:00
841,37,2024-12-26,138.27,1415.07,5,691.33,9.8,2024-12-26 00:00:00
842,38,2024-12-26,314.54,501.15,2,629.07,62.8,2024-12-26 00:00:00
843,39,2024-12-26,127.4,977.37,5,637.0,13.0,2024-12-26 00:00:00
844,40,2024-12-26,683.81,1027.9,1,683.81,66.5,2024-12-26 00:00:00
845,41,2024-12-26,172.62,1137.37,4,690.47,15.2,2024-12-26 00:00:00
846,42,2024-12-26,231.59,1549.87,3,694.77,14.9,2024-12-26 00:00:00
847,43,2024-12-26,340.78,1668.33,2,681.56,20.4,2024-12-26 00:00:00
848,44,2024-12-26,233.08,1956.35,3,699.25,11.9,2024-12-26 00:00:00
849,45,2024-12-26,166.4,907.97,4,665.61,18.3,2024-12-26 00:00:00
850,46,2024-12-26,133.68,678.28,5,668.39,19.7,2024-12-26 00:00:00
851,47,2024-12-26,662.13,1997.12,1,662.13,33.2,2024-12-26 00:00:00
852,48,2024-12-26,129.6,914.67,5,648.01,14.2,2024-12-26 00:00:00
853,49,2024-12-26,715.29,728.41,1,715.29,98.2,2024-12-26 00:00:00
854,50,2024-12-26,645.74,846.23,0,645.74,76.3,2024-12-26 00:00:00
855,51,2024-12-26,173.26,1710.2,4,693.06,10.1,2024-12-26 00:00:00
856,52,2024-12-26,211.35,1955.23,3,634.04,10.8,2024-12-26 00:00:00
857,53,2024-12-26,334.89,610.54,2,669.78,54.9,2024-12-26 00:00:00
858,54,2024-12-26,238.71,1350.42,3,716.13,17.7,2024-12-26 00:00:00
859,55,2024-12-26,141.72,1782.98,5,708.61,7.9,2024-12-26 00:00:00
860,56,2024-12-26,714.16,702.33,0,714.16,100.0,2024-12-26 00:00:00
861,57,2024-12-26,161.61,778.99,4,646.43,20.7,2024-12-26 00:00:00
862,58,2024-12-26,222.55,748.68,3,667.64,29.7,2024-12-26 00:00:00
863,59,2024-12-26,216.68,693.22,3,650.03,31.3,2024-12-26 00:00:00
864,60,2024-12-26,237.95,609.01,3,713.84,39.1,2024-12-26 00:00:00
865,61,2024-12-26,207.08,1353.79,3,621.23,15.3,2024-12-26 00:00:00
866,62,2024-12-26,224.41,1838.81,3,673.23,12.2,2024-12-26 00:00:00
867,63,2024-12-26,169.72,1385.01,4,678.88,12.3,2024-12-26 00:00:00
868,64,2024-12-26,134.48,731.48,5,672.38,18.4,2024-12-26 00:00:00
869,65,2024-12-26,157.44,1927.02,4,629.75,8.2,2024-12-26 00:00:00
870,66,2024-12-26,172.04,980.92,4,688.18,17.5,2024-12-26 00:00:00
871,67,2024-12-26,222.24,1797.74,3,666.72,12.4,2024-12-26 00:00:00
