ROWID,WORKORDER_TYPE,WORKORDER_BASE_ID,WORKORDER_LOT_ID,WORKORDER_SPLIT_ID,WORKORDER_SUB_ID,SEQUENCE_NO,RESOURCE_ID,SETUP_HRS,RUN,RUN_TYPE,LOAD_SIZE_QTY,RUN_HRS,MOVE_HRS,TRANSIT_DAYS,SERVICE_ID,SCRAP_YIELD_PCT,SCRAP_YIELD_TYPE,FIXED_SCRAP_UNITS,MINIMUM_MOVE_QTY,CALC_START_QTY,CALC_END_QTY,COMPLETED_QTY,DEVIATED_QTY,ACT_SETUP_HRS,ACT_RUN_HRS,STATUS,SETUP_COMPLETED,SERVICE_BEGIN_DATE,CLOSE_DATE,OPERATION_TYPE,DRAWING_ID,DRAWING_REV_NO,OVERRIDE_QTYS,BEGIN_TRACEABILITY,CAPACITY_USAGE_MAX,CAPACITY_USAGE_MIN,TEST_ID,SPC_QTY,SCHED_START_DATE,SCHED_FINISH_DATE,COULD_FINISH_DATE,ISDETERMINANT,SETUP_COST_PER_HR,RUN_COST_PER_HR,RUN_COST_PER_UNIT,BUR_PER_HR_SETUP,BUR_PER_HR_RUN,BUR_PER_UNIT_RUN,SERVICE_BASE_CHG,BUR_PERCENT_SETUP,BUR_PERCENT_RUN,BUR_PER_OPERATION,EST_ATL_LAB_COST,EST_ATL_BUR_COST,EST_ATL_SER_COST,REM_ATL_LAB_COST,REM_ATL_BUR_COST,REM_ATL_SER_COST,ACT_ATL_LAB_COST,ACT_ATL_BUR_COST,ACT_ATL_SER_COST,EST_TTL_MAT_COST,EST_TTL_LAB_COST,EST_TTL_BUR_COST,EST_TTL_SER_COST,REM_TTL_MAT_COST,REM_TTL_LAB_COST,REM_TTL_BUR_COST,REM_TTL_SER_COST,ACT_TTL_MAT_COST,ACT_TTL_LAB_COST,ACT_TTL_BUR_COST,ACT_TTL_SER_COST,SPLIT_ADJUSTMENT,MILESTONE_ID,SCHEDULE_TYPE,MIN_SEGMENT_SIZE,PROTECT_COST,DRAWING_FILE,DISPATCHED_QTY,SERVICE_MIN_CHG,VENDOR_ID,VENDOR_SERVICE_ID,SERVICE_PART_ID,LAST_DISP_DATE,LAST_RECV_DATE,WAREHOUSE_ID,ALLOCATED_QTY,FULFILLED_QTY,LEAST_MIN_MOVE_QTY,MAX_GAP_PREV_OP,APPLY_CALENDAR,MAX_DOWNTIME,ACCUM_DOWNTIME,RUN_QTY_PER_CYCLE,USER_1,USER_2,USER_3,USER_4,USER_5,USER_6,USER_7,USER_8,USER_9,USER_10,UDF_LAYOUT_ID,NUM_MEM_TO_SCHED,SERVICE_BUFFER,MILESTONE_SUB_ID,POST_MILESTONE,PROJ_MILESTONE_OP,WBS_CODE,WBS_START_DATE,WBS_END_DATE,WBS_DURATION,MILESTONE_SEQ_NO,PRD_INSP_PLAN_ID,SETUP_INSPECT_REQ,RUN_INSPECT_REQ,STATUS_EFF_DATE,PRED_SUB_ID,PRED_SEQ_NO,SITE_ID,SCHED_CAPACITY_USAGE,BID_RATE_CATEGORY_ID,OVERLAP_SETUP,PERCENT_COMPL,QTY_COMPL_BY_HRS,MAX_QTY_COMPLETE,DISPATCH_SEQUENCE,COMB_DISP_SEQUENCE
1602251,W,1789757,1,0,0,170,P2M1-SAW,0.100,0.02000000,HRS/PC,NULL,0.02,NULL,0.000,NULL,0.00,S,0.00000000,NULL,1.00000000,1.00000000,0.00000000,0.00000000,0.00,0.00,C,N,NULL,2026-02-12 08:38:17.733,SAW001,NULL,NULL,N,N,NULL,NULL,NULL,NULL,2026-02-12 03:00:00.000,2026-02-12 03:10:00.000,2026-02-12 03:10:00.000,N,29.65000000,29.65000000,0.00000000,0.00000000,0.00000000,0.00000000,0.00000000,0.000,0.000,0.00000000,3.56000000,0.00000000,0.00000000,0.00000000,0.00000000,0.00000000,0.00000000,0.00000000,0.00000000,0.00000000,0.00000000,0.00000000,0.00000000,0.00000000,0.00000000,0.00000000,0.00000000,0.00000000,0.00000000,0.00000000,0.00000000,0.00000000,NULL,0,NULL,N,NULL,0.00000000,0.00000000,NULL,NULL,NULL,NULL,NULL,NULL,0.00000000,0.00000000,NULL,NULL,NULL,NULL,NULL,NULL,NULL,NULL,NULL,NULL,NULL,NULL,NULL,NULL,NULL,NULL,NULL,NULL,NULL,NULL,NULL,NULL,NULL,NULL,NULL,NULL,NULL,NULL,N,N,2026-02-12 08:38:18.080,NULL,NULL,SK01,NULL,NULL,N,NULL,NULL,NULL,99999,99999
1384439,W,1798242,1,0,0,40,P2M1-SAW-PLATE,0.200,0.09400000,HRS/PC,NULL,0.09,0.000,0.000,NULL,0.00,S,0.00000000,0.00000000,1.00000000,1.00000000,1.00000000,0.00000000,0.00,0.58,C,Y,NULL,2026-02-10 10:59:55.630,SAW002,NULL,NULL,N,N,NULL,NULL,NULL,NULL,2026-02-10 03:00:00.000,2026-02-10 03:20:00.000,2026-02-10 03:20:00.000,N,32.00000000,32.00000000,0.00000000,0.00000000,0.00000000,0.00000000,0.00000000,73.000,73.000,0.00000000,9.41000000,6.87000000,0.00000000,0.00000000,0.00000000,0.00000000,28.01000000,28.57000000,0.00000000,0.00000000,0.00000000,0.00000000,0.00000000,0.00000000,0.00000000,0.00000000,0.00000000,0.00000000,0.00000000,0.00000000,0.00000000,0.00000000,NULL,0,NULL,N,NULL,0.00000000,0.00000000,NULL,NULL,NULL,NULL,NULL,NULL,0.00000000,0.00000000,NULL,NULL,NULL,NULL,NULL,NULL,NULL,NULL,NULL,NULL,NULL,NULL,NULL,NULL,NULL,NULL,NULL,NULL,NULL,NULL,N,N,NULL,NULL,NULL,NULL,NULL,NULL,N,N,2026-02-10 10:59:55.017,NULL,NULL,SK01,NULL,NULL,N,NULL,NULL,NULL,99999,99999
1405239,W,1799016,1,0,0,30,P2M1-SAW,0.200,0.09400000,HRS/PC,NULL,0.19,0.000,0.000,NULL,0.00,S,0.00000000,0.00000000,2.00000000,2.00000000,2.00000000,0.00000000,0.00,0.29,C,Y,NULL,2026-02-12 11:09:07.907,SAW001,NULL,NULL,N,N,NULL,NULL,NULL,NULL,2026-02-12 03:40:00.000,2026-02-12 04:10:00.000,2026-02-12 04:50:00.000,N,32.00000000,32.00000000,0.00000000,0.00000000,0.00000000,0.00000000,0.00000000,73.000,73.000,0.00000000,12.42000000,9.06000000,0.00000000,0.00000000,0.00000000,0.00000000,14.01000000,14.29000000,0.00000000,0.00000000,0.00000000,0.00000000,0.00000000,0.00000000,0.00000000,0.00000000,0.00000000,0.00000000,0.00000000,0.00000000,0.00000000,0.00000000,NULL,0,NULL,N,NULL,0.00000000,0.00000000,NULL,NULL,NULL,NULL,NULL,NULL,0.00000000,0.00000000,NULL,NULL,NULL,NULL,NULL,NULL,NULL,NULL,NULL,NULL,NULL,NULL,NULL,NULL,NULL,NULL,NULL,NULL,NULL,NULL,N,N,NULL,NULL,NULL,NULL,NULL,NULL,N,N,2026-02-12 11:09:07.857,NULL,NULL,SK01,NULL,NULL,N,NULL,NULL,NULL,99999,99999
1406005,W,1799039,1,0,0,30,P2M1-SAW,0.200,0.09400000,HRS/PC,NULL,0.19,0.000,0.000,NULL,0.00,S,0.00000000,0.00000000,2.00000000,2.00000000,2.00000000,0.00000000,0.00,2.17,C,Y,NULL,2026-02-10 15:31:58.700,SAW001,NULL,NULL,N,N,NULL,NULL,NULL,NULL,2026-02-10 03:20:00.000,2026-02-10 03:50:00.000,2026-02-10 04:10:00.000,N,32.00000000,32.00000000,0.00000000,0.00000000,0.00000000,0.00000000,0.00000000,73.000,73.000,0.00000000,12.42000000,9.06000000,0.00000000,0.00000000,0.00000000,0.00000000,104.81000000,106.91000000,0.00000000,0.00000000,0.00000000,0.00000000,0.00000000,0.00000000,0.00000000,0.00000000,0.00000000,0.00000000,0.00000000,0.00000000,0.00000000,0.00000000,NULL,0,NULL,N,NULL,0.00000000,0.00000000,NULL,NULL,NULL,NULL,NULL,NULL,0.00000000,0.00000000,NULL,NULL,NULL,NULL,NULL,NULL,NULL,NULL,NULL,NULL,NULL,NULL,NULL,NULL,NULL,NULL,NULL,NULL,NULL,NULL,N,N,NULL,NULL,NULL,NULL,NULL,NULL,N,N,2026-02-10 15:31:58.663,NULL,NULL,SK01,NULL,NULL,N,NULL,NULL,NULL,99999,99999
1671859,W,1799409,1,0,0,30,P2M1-SAW,0.100,0.09400000,HRS/PC,NULL,2.63,0.000,0.000,NULL,0.00,S,0.00000000,0.00000000,28.00000000,28.00000000,28.00000000,0.00000000,0.00,0.48,C,Y,NULL,2026-02-09 08:19:28.123,SAW002,NULL,NULL,N,N,NULL,NULL,NULL,NULL,2026-02-16 12:10:00.000,2026-02-16 14:50:00.000,2026-02-23 20:00:00.000,N,32.00000000,32.00000000,0.00000000,0.00000000,0.00000000,0.00000000,0.00000000,73.000,73.000,0.00000000,87.42000000,63.82000000,0.00000000,0.00000000,0.00000000,0.00000000,23.18000000,23.65000000,0.00000000,0.00000000,0.00000000,0.00000000,0.00000000,0.00000000,0.00000000,0.00000000,0.00000000,0.00000000,0.00000000,0.00000000,0.00000000,0.00000000,NULL,0,NULL,N,NULL,0.00000000,0.00000000,NULL,NULL,NULL,NULL,NULL,NULL,0.00000000,0.00000000,NULL,NULL,NULL,NULL,NULL,NULL,NULL,NULL,NULL,NULL,NULL,NULL,NULL,NULL,NULL,NULL,NULL,NULL,NULL,NULL,N,N,NULL,NULL,NULL,NULL,NULL,NULL,N,N,2026-02-09 08:19:27.903,NULL,NULL,SK01,NULL,NULL,N,NULL,NULL,NULL,99999,99999
1479478,W,1799708,1,0,0,40,P2M1-SM-TPUNCH,0.000,0.06400000,HRS/PC,NULL,0.06,0.000,0.000,NULL,0.00,S,0.00000000,0.00010000,1.00000000,1.00000000,2.00000000,0.00000000,0.00,0.55,C,Y,NULL,2025-12-08 09:26:47.000,AMADA,NULL,NULL,N,N,NULL,NULL,NULL,NULL,2026-01-15 08:00:00.000,2026-01-15 08:00:00.000,2026-01-15 09:00:00.000,N,32.00000000,32.00000000,0.00000000,0.00000000,0.00000000,0.00000000,0.00000000,73.000,73.000,0.00000000,2.05000000,1.50000000,0.00000000,0.00000000,0.00000000,0.00000000,26.56000000,26.99000000,0.00000000,0.00000000,0.00000000,0.00000000,0.00000000,0.00000000,0.00000000,0.00000000,0.00000000,0.00000000,0.00000000,0.00000000,0.00000000,0.00000000,NULL,0,NULL,N,NULL,0.00000000,0.00000000,NULL,NULL,NULL,NULL,NULL,NULL,0.00000000,0.00000000,NULL,NULL,NULL,NULL,NULL,NULL,NULL,NULL,NULL,NULL,NULL,NULL,NULL,NULL,NULL,NULL,NULL,NULL,NULL,NULL,NULL,NULL,NULL,NULL,NULL,NULL,NULL,NULL,N,N,2026-01-15 11:53:57.500,NULL,NULL,SK01,NULL,NULL,N,NULL,NULL,NULL,99999,99999
1686227,W,1799708,1,0,1,40,P2M1-SAW,0.100,0.02000000,HRS/PC,NULL,0.02,NULL,0.000,NULL,0.00,S,0.00000000,NULL,1.00000000,1.00000000,2.00000000,0.00000000,0.00,1.46,C,Y,NULL,2026-02-12 13:47:56.690,SAW001,NULL,NULL,N,N,NULL,NULL,NULL,NULL,NULL,NULL,NULL,N,29.65000000,29.65000000,0.00000000,0.00000000,0.00000000,0.00000000,0.00000000,0.000,0.000,0.00000000,3.56000000,0.00000000,0.00000000,0.00000000,0.00000000,0.00000000,70.52000000,71.93000000,0.00000000,0.00000000,0.00000000,0.00000000,0.00000000,0.00000000,0.00000000,0.00000000,0.00000000,0.00000000,0.00000000,0.00000000,0.00000000,0.00000000,NULL,0,NULL,N,NULL,0.00000000,0.00000000,NULL,NULL,NULL,NULL,NULL,NULL,0.00000000,0.00000000,NULL,NULL,NULL,NULL,NULL,NULL,NULL,NULL,NULL,NULL,NULL,NULL,NULL,NULL,NULL,NULL,NULL,NULL,NULL,NULL,N,N,NULL,NULL,NULL,NULL,NULL,NULL,N,N,2026-02-05 10:08:17.600,NULL,NULL,SK01,NULL,NULL,N,NULL,NULL,NULL,99999,99999
1493618,W,1802072,1,0,0,40,P2M1-SAW-PLATE,0.100,0.09400000,HRS/PC,NULL,0.09,0.000,0.000,NULL,0.00,S,0.00000000,0.00000000,1.00000000,1.00000000,0.00000000,0.00000000,0.00,0.00,C,N,NULL,2026-02-09 08:38:48.870,SAW002,NULL,NULL,N,N,NULL,NULL,NULL,NULL,2026-02-23 11:20:00.000,2026-02-23 11:30:00.000,2026-02-23 11:30:00.000,N,32.00000000,32.00000000,0.00000000,0.00000000,0.00000000,0.00000000,0.00000000,76.000,76.000,0.00000000,6.21000000,4.72000000,0.00000000,0.00000000,0.00000000,0.00000000,0.00000000,0.00000000,0.00000000,0.00000000,0.00000000,0.00000000,0.00000000,0.00000000,0.00000000,0.00000000,0.00000000,0.00000000,0.00000000,0.00000000,0.00000000,0.00000000,NULL,0,NULL,N,NULL,0.00000000,0.00000000,NULL,NULL,NULL,NULL,NULL,NULL,0.00000000,0.00000000,NULL,NULL,NULL,NULL,NULL,NULL,NULL,NULL,NULL,NULL,NULL,NULL,NULL,NULL,NULL,NULL,NULL,NULL,NULL,NULL,N,N,NULL,NULL,NULL,NULL,NULL,NULL,N,N,2026-02-09 08:38:49.133,NULL,NULL,SK01,NULL,NULL,N,NULL,NULL,NULL,99999,99999
1516321,W,1802815,1,0,0,35,P2M1-SAW-PLATE,0.200,0.09400000,HRS/PC,NULL,0.56,0.000,0.000,NULL,0.00,S,0.00000000,0.00010000,6.00000000,6.00000000,6.00000000,0.00000000,0.00,1.84,C,Y,NULL,2026-02-12 11:52:19.330,SAW001,NULL,NULL,N,N,NULL,NULL,NULL,NULL,2026-02-14 02:40:00.000,2026-02-14 03:30:00.000,2026-02-16 03:10:00.000,N,32.00000000,32.00000000,0.00000000,0.00000000,0.00000000,0.00000000,0.00000000,73.000,73.000,0.00000000,24.45000000,17.85000000,0.00000000,0.00000000,0.00000000,0.00000000,88.87000000,90.65000000,0.00000000,0.00000000,0.00000000,0.00000000,0.00000000,0.00000000,0.00000000,0.00000000,0.00000000,0.00000000,0.00000000,0.00000000,0.00000000,0.00000000,NULL,0,NULL,N,NULL,0.00000000,0.00000000,NULL,NULL,NULL,NULL,NULL,NULL,0.00000000,0.00000000,NULL,NULL,NULL,NULL,NULL,NULL,NULL,NULL,NULL,NULL,NULL,NULL,NULL,NULL,NULL,NULL,NULL,NULL,NULL,NULL,N,N,NULL,NULL,NULL,NULL,NULL,NULL,N,N,2026-02-12 11:52:18.987,NULL,NULL,SK01,NULL,NULL,N,NULL,NULL,NULL,99999,99999
1564235,W,1804384,1,0,0,30,P2M1-SAW,0.100,0.02000000,HRS/PC,NULL,1.98,NULL,0.000,NULL,0.00,S,0.00000000,NULL,99.00000000,99.00000000,99.00000000,0.00000000,0.00,8.52,C,Y,NULL,2026-02-12 10:51:44.217,SAW002,NULL,NULL,N,N,NULL,NULL,NULL,NULL,2026-02-25 00:20:00.000,2026-02-25 02:10:00.000,2026-03-10 00:30:00.000,N,29.65000000,29.65000000,0.00000000,0.00000000,0.00000000,0.00000000,0.00000000,0.000,0.000,0.00000000,61.68000000,0.00000000,0.00000000,0.00000000,0.00000000,0.00000000,411.51000000,419.75000000,0.00000000,0.00000000,0.00000000,0.00000000,0.00000000,0.00000000,0.00000000,0.00000000,0.00000000,0.00000000,0.00000000,0.00000000,0.00000000,0.00000000,NULL,0,NULL,N,NULL,0.00000000,0.00000000,NULL,NULL,NULL,NULL,NULL,NULL,0.00000000,0.00000000,NULL,NULL,NULL,NULL,NULL,NULL,NULL,NULL,NULL,NULL,NULL,NULL,NULL,NULL,NULL,NULL,NULL,NULL,NULL,NULL,NULL,NULL,NULL,NULL,NULL,NULL,NULL,NULL,N,N,2026-02-12 10:51:44.173,NULL,NULL,SK01,NULL,NULL,N,NULL,NULL,NULL,99999,99999
1612678,W,1804973,1,0,0,30,P2M1-SAW,0.200,0.04500000,HRS/PC,NULL,0.59,0.000,0.000,NULL,0.00,S,0.00000000,0.00000000,13.00000000,13.00000000,13.00000000,0.00000000,0.00,1.37,C,Y,NULL,2026-02-12 14:06:10.567,SAW002,NULL,NULL,N,N,NULL,NULL,NULL,NULL,2026-02-25 12:50:00.000,2026-02-25 13:40:00.000,2026-03-11 00:30:00.000,N,32.00000000,32.00000000,0.00000000,0.00000000,0.00000000,0.00000000,0.00000000,73.000,73.000,0.00000000,25.12000000,18.34000000,0.00000000,0.00000000,0.00000000,0.00000000,66.17000000,67.49000000,0.00000000,0.00000000,0.00000000,0.00000000,0.00000000,0.00000000,0.00000000,0.00000000,0.00000000,0.00000000,0.00000000,0.00000000,0.00000000,0.00000000,NULL,0,NULL,N,NULL,0.00000000,0.00000000,NULL,NULL,NULL,NULL,NULL,NULL,0.00000000,0.00000000,NULL,NULL,NULL,NULL,NULL,NULL,NULL,NULL,NULL,NULL,NULL,NULL,NULL,NULL,NULL,NULL,NULL,NULL,NULL,NULL,N,N,NULL,NULL,NULL,NULL,NULL,NULL,N,N,2026-02-12 14:06:10.520,NULL,NULL,SK01,NULL,NULL,N,NULL,NULL,NULL,99999,99999
1616749,W,1805009,1,0,0,30,P2M1-SAW,0.100,0.02000000,HRS/PC,NULL,0.32,NULL,0.000,NULL,0.00,S,0.00000000,NULL,16.00000000,16.00000000,16.00000000,0.00000000,0.00,0.39,C,Y,NULL,2026-02-12 12:15:39.683,SAW002,NULL,NULL,N,N,NULL,NULL,NULL,NULL,2026-02-25 02:40:00.000,2026-02-25 03:00:00.000,2026-03-10 03:40:00.000,N,29.65000000,29.65000000,0.00000000,0.00000000,0.00000000,0.00000000,0.00000000,0.000,0.000,0.00000000,12.46000000,0.00000000,0.00000000,0.00000000,0.00000000,0.00000000,18.84000000,19.21000000,0.00000000,0.00000000,0.00000000,0.00000000,0.00000000,0.00000000,0.00000000,0.00000000,0.00000000,0.00000000,0.00000000,0.00000000,0.00000000,0.00000000,NULL,0,NULL,N,NULL,0.00000000,0.00000000,NULL,NULL,NULL,NULL,NULL,NULL,0.00000000,0.00000000,NULL,NULL,NULL,NULL,NULL,NULL,NULL,NULL,NULL,NULL,NULL,NULL,NULL,NULL,NULL,NULL,NULL,NULL,NULL,NULL,N,N,NULL,NULL,NULL,NULL,NULL,NULL,N,N,2026-02-12 12:15:39.653,NULL,NULL,SK01,NULL,NULL,N,NULL,NULL,NULL,99999,99999
1655900,W,1805539,1,0,0,30,P2M1-SAW,0.100,0.02000000,HRS/PC,NULL,0.30,NULL,0.000,NULL,0.00,S,0.00000000,NULL,15.00000000,15.00000000,15.00000000,0.00000000,0.00,0.86,C,Y,NULL,2026-02-09 09:11:04.447,SAW001,NULL,NULL,N,N,NULL,NULL,NULL,NULL,2026-02-20 11:10:00.000,2026-02-20 11:30:00.000,2026-03-03 15:40:00.000,N,29.65000000,29.65000000,0.00000000,0.00000000,0.00000000,0.00000000,0.00000000,0.000,0.000,0.00000000,11.87000000,0.00000000,0.00000000,0.00000000,0.00000000,0.00000000,41.54000000,42.37000000,0.00000000,0.00000000,0.00000000,0.00000000,0.00000000,0.00000000,0.00000000,0.00000000,0.00000000,0.00000000,0.00000000,0.00000000,0.00000000,0.00000000,NULL,0,NULL,N,NULL,0.00000000,0.00000000,NULL,NULL,NULL,NULL,NULL,NULL,0.00000000,0.00000000,NULL,NULL,NULL,NULL,NULL,NULL,NULL,NULL,NULL,NULL,NULL,NULL,NULL,NULL,NULL,NULL,NULL,NULL,NULL,NULL,NULL,NULL,NULL,NULL,NULL,NULL,NULL,NULL,N,N,2026-02-09 09:11:04.383,NULL,NULL,SK01,NULL,NULL,N,NULL,NULL,NULL,99999,99999
1619295,W,1805568,1,0,0,30,P2M1-SAW,0.200,0.09400000,HRS/PC,NULL,1.13,0.000,0.000,NULL,0.00,S,0.00000000,0.00000000,12.00000000,12.00000000,12.00000000,0.00000000,0.00,0.70,C,Y,NULL,2026-02-10 07:45:41.970,SAW001,NULL,NULL,N,N,NULL,NULL,NULL,NULL,2026-02-18 05:50:00.000,2026-02-18 07:10:00.000,2026-02-26 10:00:00.000,N,32.00000000,32.00000000,0.00000000,0.00000000,0.00000000,0.00000000,0.00000000,73.000,73.000,0.00000000,42.50000000,31.02000000,0.00000000,0.00000000,0.00000000,0.00000000,33.81000000,34.49000000,0.00000000,0.00000000,0.00000000,0.00000000,0.00000000,0.00000000,0.00000000,0.00000000,0.00000000,0.00000000,0.00000000,0.00000000,0.00000000,0.00000000,NULL,0,NULL,N,NULL,0.00000000,0.00000000,NULL,NULL,NULL,NULL,NULL,NULL,0.00000000,0.00000000,NULL,NULL,NULL,NULL,NULL,NULL,NULL,NULL,NULL,NULL,NULL,NULL,NULL,NULL,NULL,NULL,NULL,NULL,NULL,NULL,N,N,NULL,NULL,NULL,NULL,NULL,NULL,N,N,2026-02-10 07:45:41.070,NULL,NULL,SK01,NULL,NULL,N,NULL,NULL,NULL,99999,99999
1619623,W,1805646,1,0,0,30,P2M1-SAW,0.200,0.09400000,HRS/PC,NULL,1.88,0.000,0.000,NULL,0.00,S,0.00000000,0.00000000,20.00000000,20.00000000,20.00000000,0.00000000,0.00,0.99,C,Y,NULL,2026-02-09 07:50:33.697,SAW001,NULL,NULL,N,N,NULL,NULL,NULL,NULL,2026-02-20 07:50:00.000,2026-02-20 10:00:00.000,2026-03-03 10:50:00.000,N,32.00000000,32.00000000,0.00000000,0.00000000,0.00000000,0.00000000,0.00000000,73.000,73.000,0.00000000,66.56000000,48.59000000,0.00000000,0.00000000,0.00000000,0.00000000,47.82000000,48.77000000,0.00000000,0.00000000,0.00000000,0.00000000,0.00000000,0.00000000,0.00000000,0.00000000,0.00000000,0.00000000,0.00000000,0.00000000,0.00000000,0.00000000,NULL,0,NULL,N,NULL,0.00000000,0.00000000,NULL,NULL,NULL,NULL,NULL,NULL,0.00000000,0.00000000,NULL,NULL,NULL,NULL,NULL,NULL,NULL,NULL,NULL,NULL,NULL,NULL,NULL,NULL,NULL,NULL,NULL,NULL,NULL,NULL,N,N,NULL,NULL,NULL,NULL,NULL,NULL,N,N,2026-02-09 07:50:33.510,NULL,NULL,SK01,NULL,NULL,N,NULL,NULL,NULL,99999,99999
1619538,W,1806208,1,0,0,30,P2M1-SAW,0.200,0.09400000,HRS/PC,NULL,1.88,0.000,0.000,NULL,0.00,S,0.00000000,0.00000000,20.00000000,20.00000000,20.00000000,0.00000000,0.00,1.19,C,Y,NULL,2026-02-09 10:22:32.990,SAW001,NULL,NULL,N,N,NULL,NULL,NULL,NULL,2026-02-17 02:40:00.000,2026-02-17 04:50:00.000,2026-02-24 23:00:00.000,N,32.00000000,32.00000000,0.00000000,0.00000000,0.00000000,0.00000000,0.00000000,73.000,73.000,0.00000000,66.56000000,48.59000000,0.00000000,0.00000000,0.00000000,0.00000000,57.48000000,58.63000000,0.00000000,0.00000000,0.00000000,0.00000000,0.00000000,0.00000000,0.00000000,0.00000000,0.00000000,0.00000000,0.00000000,0.00000000,0.00000000,0.00000000,NULL,0,NULL,N,NULL,0.00000000,0.00000000,NULL,NULL,NULL,NULL,NULL,NULL,0.00000000,0.00000000,NULL,NULL,NULL,NULL,NULL,NULL,NULL,NULL,NULL,NULL,NULL,NULL,NULL,NULL,NULL,NULL,NULL,NULL,NULL,NULL,N,N,NULL,NULL,NULL,NULL,NULL,NULL,N,N,2026-02-09 10:22:32.953,NULL,NULL,SK01,NULL,NULL,N,NULL,NULL,NULL,99999,99999
1625358,W,1806387,1,0,0,30,P2M1-SAW,0.100,0.02000000,HRS/PC,NULL,0.08,NULL,0.000,NULL,0.00,S,0.00000000,NULL,4.00000000,4.00000000,20.00000000,0.00000000,0.00,0.83,C,Y,NULL,2026-02-09 11:12:22.750,SAW002,NULL,NULL,N,N,NULL,NULL,NULL,NULL,2026-02-18 01:30:00.000,2026-02-18 01:40:00.000,2026-02-26 18:30:00.000,N,29.65000000,29.65000000,0.00000000,0.00000000,0.00000000,0.00000000,0.00000000,0.000,0.000,0.00000000,5.34000000,0.00000000,0.00000000,0.00000000,0.00000000,0.00000000,40.09000000,40.89000000,0.00000000,0.00000000,0.00000000,0.00000000,0.00000000,0.00000000,0.00000000,0.00000000,0.00000000,0.00000000,0.00000000,0.00000000,0.00000000,0.00000000,NULL,0,NULL,N,NULL,0.00000000,0.00000000,NULL,NULL,NULL,NULL,NULL,NULL,0.00000000,0.00000000,NULL,NULL,NULL,NULL,NULL,NULL,NULL,NULL,NULL,NULL,NULL,NULL,NULL,NULL,NULL,NULL,NULL,NULL,NULL,NULL,N,N,NULL,NULL,NULL,NULL,NULL,NULL,N,N,2026-02-09 11:12:22.660,NULL,NULL,SK01,NULL,NULL,N,NULL,NULL,NULL,99999,99999
1625844,W,1806413,1,0,0,40,P2M1-SAW,0.200,0.09400000,HRS/PC,NULL,0.28,0.000,0.000,NULL,0.00,S,0.00000000,0.00000000,3.00000000,3.00000000,3.00000000,0.00000000,0.00,1.17,C,Y,NULL,2026-02-10 13:22:02.590,SAW002,NULL,NULL,N,N,NULL,NULL,NULL,NULL,2026-02-10 04:00:00.000,2026-02-10 04:30:00.000,2026-02-10 05:30:00.000,N,32.00000000,32.00000000,0.00000000,0.00000000,0.00000000,0.00000000,0.00000000,73.000,73.000,0.00000000,15.42000000,11.26000000,0.00000000,0.00000000,0.00000000,0.00000000,56.51000000,57.64000000,0.00000000,0.00000000,0.00000000,0.00000000,0.00000000,0.00000000,0.00000000,0.00000000,0.00000000,0.00000000,0.00000000,0.00000000,0.00000000,0.00000000,NULL,0,NULL,N,NULL,0.00000000,0.00000000,NULL,NULL,NULL,NULL,NULL,NULL,0.00000000,0.00000000,NULL,NULL,NULL,NULL,NULL,NULL,NULL,NULL,NULL,NULL,NULL,NULL,NULL,NULL,NULL,NULL,NULL,NULL,NULL,NULL,N,N,NULL,NULL,NULL,NULL,NULL,NULL,N,N,2026-02-10 13:22:02.480,NULL,NULL,SK01,NULL,NULL,N,NULL,NULL,NULL,99999,99999
1669545,W,1806461,1,0,0,30,P2M1-SAW,0.100,0.02000000,HRS/PC,NULL,0.26,NULL,0.000,NULL,0.00,S,0.00000000,NULL,13.00000000,13.00000000,13.00000000,0.00000000,0.00,2.19,C,Y,NULL,2026-02-09 14:58:31.397,SAW002,NULL,NULL,N,N,NULL,NULL,NULL,NULL,2026-02-24 00:20:00.000,2026-02-24 00:40:00.000,2026-03-10 15:10:00.000,N,29.65000000,29.65000000,0.00000000,0.00000000,0.00000000,0.00000000,0.00000000,0.000,0.000,0.00000000,10.68000000,0.00000000,0.00000000,0.00000000,0.00000000,0.00000000,105.78000000,107.89000000,0.00000000,0.00000000,0.00000000,0.00000000,0.00000000,0.00000000,0.00000000,0.00000000,0.00000000,0.00000000,0.00000000,0.00000000,0.00000000,0.00000000,NULL,0,NULL,N,NULL,0.00000000,0.00000000,NULL,NULL,NULL,NULL,NULL,NULL,0.00000000,0.00000000,NULL,NULL,NULL,NULL,NULL,NULL,NULL,NULL,NULL,NULL,NULL,NULL,NULL,NULL,NULL,NULL,NULL,NULL,NULL,NULL,NULL,NULL,NULL,NULL,NULL,NULL,NULL,NULL,N,N,2026-02-09 14:58:31.353,NULL,NULL,SK01,NULL,NULL,N,NULL,NULL,NULL,99999,99999
1669514,W,1806649,1,0,0,30,P2M1-SAW,0.200,0.09400000,HRS/PC,NULL,1.32,0.000,0.000,NULL,0.00,S,0.00000000,0.00000000,14.00000000,14.00000000,14.00000000,0.00000000,0.00,0.84,C,Y,NULL,2026-02-10 08:35:27.890,SAW002,NULL,NULL,N,N,NULL,NULL,NULL,NULL,2026-02-24 01:20:00.000,2026-02-24 02:50:00.000,2026-03-10 02:10:00.000,N,32.00000000,32.00000000,0.00000000,0.00000000,0.00000000,0.00000000,0.00000000,73.000,73.000,0.00000000,48.51000000,35.41000000,0.00000000,0.00000000,0.00000000,0.00000000,40.57000000,41.38000000,0.00000000,0.00000000,0.00000000,0.00000000,0.00000000,0.00000000,0.00000000,0.00000000,0.00000000,0.00000000,0.00000000,0.00000000,0.00000000,0.00000000,NULL,0,NULL,N,NULL,0.00000000,0.00000000,NULL,NULL,NULL,NULL,NULL,NULL,0.00000000,0.00000000,NULL,NULL,NULL,NULL,NULL,NULL,NULL,NULL,NULL,NULL,NULL,NULL,NULL,NULL,NULL,NULL,NULL,NULL,NULL,NULL,N,N,NULL,NULL,NULL,NULL,NULL,NULL,N,N,2026-02-10 08:35:27.857,NULL,NULL,SK01,NULL,NULL,N,NULL,NULL,NULL,99999,99999
1672124,W,1806859,1,0,0,30,P2M1-SAW,0.200,0.09400000,HRS/PC,NULL,1.88,0.000,0.000,NULL,0.00,S,0.00000000,0.00000000,20.00000000,20.00000000,20.00000000,0.00000000,0.00,1.08,C,Y,NULL,2026-02-09 12:47:07.780,SAW001,NULL,NULL,N,N,NULL,NULL,NULL,NULL,2026-02-18 01:50:00.000,2026-02-18 04:00:00.000,2026-02-26 21:00:00.000,N,32.00000000,32.00000000,0.00000000,0.00000000,0.00000000,0.00000000,0.00000000,73.000,73.000,0.00000000,66.56000000,48.59000000,0.00000000,0.00000000,0.00000000,0.00000000,52.16000000,53.21000000,0.00000000,0.00000000,0.00000000,0.00000000,0.00000000,0.00000000,0.00000000,0.00000000,0.00000000,0.00000000,0.00000000,0.00000000,0.00000000,0.00000000,NULL,0,NULL,N,NULL,0.00000000,0.00000000,NULL,NULL,NULL,NULL,NULL,NULL,0.00000000,0.00000000,NULL,NULL,NULL,NULL,NULL,NULL,NULL,NULL,NULL,NULL,NULL,NULL,NULL,NULL,NULL,NULL,NULL,NULL,NULL,NULL,N,N,NULL,NULL,NULL,NULL,NULL,NULL,N,N,2026-02-09 12:47:07.643,NULL,NULL,SK01,NULL,NULL,N,NULL,NULL,NULL,99999,99999
1644681,W,1807003,1,0,0,30,P2M1-SAW-PLATE,0.100,0.09400000,HRS/PC,NULL,0.75,0.000,0.000,NULL,0.00,S,0.00000000,0.00000000,8.00000000,8.00000000,8.00000000,0.00000000,0.00,0.85,C,Y,NULL,2026-02-09 12:09:38.813,SAW002,NULL,NULL,N,N,NULL,NULL,NULL,NULL,2026-02-09 08:20:00.000,2026-02-09 09:10:00.000,2026-02-09 10:30:00.000,N,32.00000000,32.00000000,0.00000000,0.00000000,0.00000000,0.00000000,0.00000000,73.000,73.000,0.00000000,27.26000000,19.90000000,0.00000000,0.00000000,0.00000000,0.00000000,41.06000000,41.88000000,0.00000000,0.00000000,0.00000000,0.00000000,0.00000000,0.00000000,0.00000000,0.00000000,0.00000000,0.00000000,0.00000000,0.00000000,0.00000000,0.00000000,NULL,0,NULL,N,NULL,0.00000000,0.00000000,NULL,NULL,NULL,NULL,NULL,NULL,0.00000000,0.00000000,NULL,NULL,NULL,NULL,NULL,NULL,NULL,NULL,NULL,NULL,NULL,NULL,NULL,NULL,NULL,NULL,NULL,NULL,NULL,NULL,N,N,NULL,NULL,NULL,NULL,NULL,NULL,N,N,2026-02-09 12:09:38.773,NULL,NULL,SK01,NULL,NULL,N,NULL,NULL,NULL,99999,99999
1678259,W,1807182,1,0,0,30,P2M1-SAW,0.100,0.02000000,HRS/PC,NULL,0.28,NULL,0.000,NULL,0.00,S,0.00000000,NULL,14.00000000,14.00000000,14.00000000,0.00000000,0.00,1.83,C,Y,NULL,2026-02-10 10:25:20.323,SAW002,NULL,NULL,N,N,NULL,NULL,NULL,NULL,2026-02-19 06:20:00.000,2026-02-19 06:40:00.000,2026-02-28 10:00:00.000,N,29.65000000,29.65000000,0.00000000,0.00000000,0.00000000,0.00000000,0.00000000,0.000,0.000,0.00000000,11.27000000,0.00000000,0.00000000,0.00000000,0.00000000,0.00000000,88.39000000,90.16000000,0.00000000,0.00000000,0.00000000,0.00000000,0.00000000,0.00000000,0.00000000,0.00000000,0.00000000,0.00000000,0.00000000,0.00000000,0.00000000,0.00000000,NULL,0,NULL,N,NULL,0.00000000,0.00000000,NULL,NULL,NULL,NULL,NULL,NULL,0.00000000,0.00000000,NULL,NULL,NULL,NULL,NULL,NULL,NULL,NULL,NULL,NULL,NULL,NULL,NULL,NULL,NULL,NULL,NULL,NULL,NULL,NULL,N,N,NULL,NULL,NULL,NULL,NULL,NULL,N,N,2026-02-10 10:25:20.293,NULL,NULL,SK01,NULL,NULL,N,NULL,NULL,NULL,99999,99999
1651556,W,1807241,1,0,0,40,P2M1-SAW-PLATE,0.200,0.09400000,HRS/PC,NULL,0.38,0.000,0.000,NULL,0.00,S,0.00000000,0.00000000,4.00000000,4.00000000,4.00000000,0.00000000,0.00,0.53,C,Y,NULL,2026-02-12 14:25:40.190,SAW002,NULL,NULL,N,N,NULL,NULL,NULL,NULL,2026-02-12 05:00:00.000,2026-02-12 05:40:00.000,2026-02-12 07:40:00.000,N,32.00000000,32.00000000,0.00000000,0.00000000,0.00000000,0.00000000,0.00000000,73.000,73.000,0.00000000,18.43000000,13.46000000,0.00000000,0.00000000,0.00000000,0.00000000,25.60000000,26.11000000,0.00000000,0.00000000,0.00000000,0.00000000,0.00000000,0.00000000,0.00000000,0.00000000,0.00000000,0.00000000,0.00000000,0.00000000,0.00000000,0.00000000,NULL,0,NULL,N,NULL,0.00000000,0.00000000,NULL,NULL,NULL,NULL,NULL,NULL,0.00000000,0.00000000,NULL,NULL,NULL,NULL,NULL,NULL,NULL,NULL,NULL,NULL,NULL,NULL,NULL,NULL,NULL,NULL,NULL,NULL,NULL,NULL,N,N,NULL,NULL,NULL,NULL,NULL,NULL,N,N,2026-02-12 14:25:40.153,NULL,NULL,SK01,NULL,NULL,N,NULL,NULL,NULL,99999,99999
1666509,W,1807330,1,0,0,25,P2M1-SAW,0.100,0.02000000,HRS/PC,NULL,0.12,NULL,0.000,NULL,0.00,S,0.00000000,NULL,6.00000000,6.00000000,6.00000000,0.00000000,0.00,3.86,C,Y,NULL,2026-02-10 12:31:58.307,SAW002,NULL,NULL,N,N,NULL,NULL,NULL,NULL,2026-02-20 09:20:00.000,2026-02-20 09:30:00.000,2026-03-02 15:50:00.000,N,29.65000000,29.65000000,0.00000000,0.00000000,0.00000000,0.00000000,0.00000000,0.000,0.000,0.00000000,6.53000000,0.00000000,0.00000000,0.00000000,0.00000000,0.00000000,186.44000000,190.17000000,0.00000000,0.00000000,0.00000000,0.00000000,0.00000000,0.00000000,0.00000000,0.00000000,0.00000000,0.00000000,0.00000000,0.00000000,0.00000000,0.00000000,NULL,0,NULL,N,NULL,0.00000000,0.00000000,NULL,NULL,NULL,NULL,NULL,NULL,0.00000000,0.00000000,NULL,NULL,NULL,NULL,NULL,NULL,NULL,NULL,NULL,NULL,NULL,NULL,NULL,NULL,NULL,NULL,NULL,NULL,NULL,NULL,N,N,NULL,NULL,NULL,NULL,NULL,NULL,N,N,2026-02-10 12:31:58.260,NULL,NULL,SK01,NULL,NULL,N,NULL,NULL,NULL,99999,99999
1655904,W,1807408,1,0,0,30,P2M1-SAW-PLATE,0.100,0.09400000,HRS/PC,NULL,1.13,0.000,0.000,NULL,0.00,S,0.00000000,0.00000000,12.00000000,12.00000000,12.00000000,0.00000000,0.00,2.73,C,Y,NULL,2026-02-10 08:10:27.927,SAW002,NULL,NULL,N,N,NULL,NULL,NULL,NULL,2026-02-12 02:40:00.000,2026-02-12 03:40:00.000,2026-02-14 03:20:00.000,N,32.00000000,32.00000000,0.00000000,0.00000000,0.00000000,0.00000000,0.00000000,73.000,73.000,0.00000000,39.30000000,28.69000000,0.00000000,0.00000000,0.00000000,0.00000000,131.86000000,134.49000000,0.00000000,0.00000000,0.00000000,0.00000000,0.00000000,0.00000000,0.00000000,0.00000000,0.00000000,0.00000000,0.00000000,0.00000000,0.00000000,0.00000000,NULL,0,NULL,N,NULL,0.00000000,0.00000000,NULL,NULL,NULL,NULL,NULL,NULL,0.00000000,0.00000000,NULL,NULL,NULL,NULL,NULL,NULL,NULL,NULL,NULL,NULL,NULL,NULL,NULL,NULL,NULL,NULL,NULL,NULL,NULL,NULL,N,N,NULL,NULL,NULL,NULL,NULL,NULL,N,N,2026-02-10 08:10:27.890,NULL,NULL,SK01,NULL,NULL,N,NULL,NULL,NULL,99999,99999
1662364,W,1807662,1,0,0,30,P2M1-SAW,0.200,0.09400000,HRS/PC,NULL,0.19,0.000,0.000,NULL,0.00,S,0.00000000,0.00000000,2.00000000,2.00000000,2.00000000,0.00000000,0.00,1.49,C,Y,NULL,2026-02-11 08:28:02.607,SAW001,NULL,NULL,N,N,NULL,NULL,NULL,NULL,2026-02-17 10:20:00.000,2026-02-17 10:50:00.000,2026-02-23 18:10:00.000,N,32.00000000,32.00000000,0.00000000,0.00000000,0.00000000,0.00000000,0.00000000,73.000,73.000,0.00000000,12.42000000,9.06000000,0.00000000,0.00000000,0.00000000,0.00000000,71.97000000,73.41000000,0.00000000,0.00000000,0.00000000,0.00000000,0.00000000,0.00000000,0.00000000,0.00000000,0.00000000,0.00000000,0.00000000,0.00000000,0.00000000,0.00000000,NULL,0,NULL,N,NULL,0.00000000,0.00000000,NULL,NULL,NULL,NULL,NULL,NULL,0.00000000,0.00000000,NULL,NULL,NULL,NULL,NULL,NULL,NULL,NULL,NULL,NULL,NULL,NULL,NULL,NULL,NULL,NULL,NULL,NULL,NULL,NULL,NULL,NULL,NULL,NULL,NULL,NULL,NULL,NULL,N,N,2026-02-11 08:28:02.473,NULL,NULL,SK01,NULL,NULL,N,NULL,NULL,NULL,99999,99999
1664478,W,1807735,1,0,0,30,P2M1-SAW-PLATE,0.200,0.09400000,HRS/PC,NULL,0.56,0.000,0.000,NULL,0.00,S,0.00000000,0.00000000,6.00000000,6.00000000,6.00000000,0.00000000,0.00,1.63,C,Y,NULL,2026-02-09 13:47:38.910,SAW002,NULL,NULL,N,N,NULL,NULL,NULL,NULL,2026-02-11 07:30:00.000,2026-02-11 08:20:00.000,2026-02-13 08:50:00.000,N,32.00000000,32.00000000,0.00000000,0.00000000,0.00000000,0.00000000,0.00000000,73.000,73.000,0.00000000,24.45000000,17.85000000,0.00000000,0.00000000,0.00000000,0.00000000,78.73000000,80.30000000,0.00000000,0.00000000,0.00000000,0.00000000,0.00000000,0.00000000,0.00000000,0.00000000,0.00000000,0.00000000,0.00000000,0.00000000,0.00000000,0.00000000,NULL,0,NULL,N,NULL,0.00000000,0.00000000,NULL,NULL,NULL,NULL,NULL,NULL,0.00000000,0.00000000,NULL,NULL,NULL,NULL,NULL,NULL,NULL,NULL,NULL,NULL,NULL,NULL,NULL,NULL,NULL,NULL,NULL,NULL,NULL,NULL,N,N,NULL,NULL,NULL,NULL,NULL,NULL,N,N,2026-02-09 13:47:38.753,NULL,NULL,SK01,NULL,NULL,N,NULL,NULL,NULL,99999,99999
1664549,W,1807738,1,0,0,30,P2M1-SAW-PLATE,0.100,0.09400000,HRS/PC,NULL,0.75,0.000,0.000,NULL,0.00,S,0.00000000,0.00000000,8.00000000,8.00000000,8.00000000,0.00000000,0.00,1.99,C,Y,NULL,2026-02-09 09:59:43.800,SAW002,NULL,NULL,N,N,NULL,NULL,NULL,NULL,2026-02-11 08:30:00.000,2026-02-11 09:20:00.000,2026-02-13 10:50:00.000,N,32.00000000,32.00000000,0.00000000,0.00000000,0.00000000,0.00000000,0.00000000,73.000,73.000,0.00000000,27.26000000,19.90000000,0.00000000,0.00000000,0.00000000,0.00000000,96.12000000,98.04000000,0.00000000,0.00000000,0.00000000,0.00000000,0.00000000,0.00000000,0.00000000,0.00000000,0.00000000,0.00000000,0.00000000,0.00000000,0.00000000,0.00000000,NULL,0,NULL,N,NULL,0.00000000,0.00000000,NULL,NULL,NULL,NULL,NULL,NULL,0.00000000,0.00000000,NULL,NULL,NULL,NULL,NULL,NULL,NULL,NULL,NULL,NULL,NULL,NULL,NULL,NULL,NULL,NULL,NULL,NULL,NULL,NULL,N,N,NULL,NULL,NULL,NULL,NULL,NULL,N,N,2026-02-09 09:59:43.037,NULL,NULL,SK01,NULL,NULL,N,NULL,NULL,NULL,99999,99999
1665111,W,1807760,1,0,0,30,P2M1-SAW-PLATE,0.200,0.09400000,HRS/PC,NULL,0.56,0.000,0.000,NULL,0.00,S,0.00000000,0.00000000,6.00000000,6.00000000,6.00000000,0.00000000,0.00,1.01,C,Y,NULL,2026-02-09 08:00:08.370,SAW002,NULL,NULL,N,N,NULL,NULL,NULL,NULL,2026-02-11 04:10:00.000,2026-02-11 05:00:00.000,2026-02-13 02:10:00.000,N,32.00000000,32.00000000,0.00000000,0.00000000,0.00000000,0.00000000,0.00000000,73.000,73.000,0.00000000,24.45000000,17.85000000,0.00000000,0.00000000,0.00000000,0.00000000,48.78000000,49.76000000,0.00000000,0.00000000,0.00000000,0.00000000,0.00000000,0.00000000,0.00000000,0.00000000,0.00000000,0.00000000,0.00000000,0.00000000,0.00000000,0.00000000,NULL,0,NULL,N,NULL,0.00000000,0.00000000,NULL,NULL,NULL,NULL,NULL,NULL,0.00000000,0.00000000,NULL,NULL,NULL,NULL,NULL,NULL,NULL,NULL,NULL,NULL,NULL,NULL,NULL,NULL,NULL,NULL,NULL,NULL,NULL,NULL,N,N,NULL,NULL,NULL,NULL,NULL,NULL,N,N,2026-02-09 08:00:07.920,NULL,NULL,SK01,NULL,NULL,N,NULL,NULL,NULL,99999,99999
1665189,W,1807762,1,0,0,30,P2M1-SAW-PLATE,0.100,0.09400000,HRS/PC,NULL,0.38,0.000,0.000,NULL,0.00,S,0.00000000,0.00000000,4.00000000,4.00000000,4.00000000,0.00000000,0.00,0.81,C,Y,NULL,2026-02-09 10:48:36.300,SAW002,NULL,NULL,N,N,NULL,NULL,NULL,NULL,2026-02-09 11:30:00.000,2026-02-09 12:00:00.000,2026-02-09 16:30:00.000,N,32.00000000,32.00000000,0.00000000,0.00000000,0.00000000,0.00000000,0.00000000,73.000,73.000,0.00000000,15.23000000,11.12000000,0.00000000,0.00000000,0.00000000,0.00000000,39.12000000,39.91000000,0.00000000,0.00000000,0.00000000,0.00000000,0.00000000,0.00000000,0.00000000,0.00000000,0.00000000,0.00000000,0.00000000,0.00000000,0.00000000,0.00000000,NULL,0,NULL,N,NULL,0.00000000,0.00000000,NULL,NULL,NULL,NULL,NULL,NULL,0.00000000,0.00000000,NULL,NULL,NULL,NULL,NULL,NULL,NULL,NULL,NULL,NULL,NULL,NULL,NULL,NULL,NULL,NULL,NULL,NULL,NULL,NULL,N,N,NULL,NULL,NULL,NULL,NULL,NULL,N,N,2026-02-09 10:48:35.987,NULL,NULL,SK01,NULL,NULL,N,NULL,NULL,NULL,99999,99999
1665325,W,1807765,1,0,0,30,P2M1-SAW,0.200,0.09400000,HRS/PC,NULL,0.28,0.000,0.000,NULL,0.00,S,0.00000000,0.00000000,3.00000000,3.00000000,3.00000000,0.00000000,0.00,0.68,C,Y,NULL,2026-02-11 10:24:18.487,SAW002,NULL,NULL,N,N,NULL,NULL,NULL,NULL,2026-02-11 04:00:00.000,2026-02-11 04:30:00.000,2026-02-11 05:30:00.000,N,32.00000000,32.00000000,0.00000000,0.00000000,0.00000000,0.00000000,0.00000000,73.000,73.000,0.00000000,15.42000000,11.26000000,0.00000000,0.00000000,0.00000000,0.00000000,32.84000000,33.50000000,0.00000000,0.00000000,0.00000000,0.00000000,0.00000000,0.00000000,0.00000000,0.00000000,0.00000000,0.00000000,0.00000000,0.00000000,0.00000000,0.00000000,NULL,0,NULL,N,NULL,0.00000000,0.00000000,NULL,NULL,NULL,NULL,NULL,NULL,0.00000000,0.00000000,NULL,NULL,NULL,NULL,NULL,NULL,NULL,NULL,NULL,NULL,NULL,NULL,NULL,NULL,NULL,NULL,NULL,NULL,NULL,NULL,NULL,NULL,NULL,NULL,NULL,NULL,NULL,NULL,N,N,2026-02-11 10:24:18.440,NULL,NULL,SK01,NULL,NULL,N,NULL,NULL,NULL,99999,99999
1668788,W,1807908,1,0,0,30,P2M1-SAW,0.100,0.09400000,HRS/PC,NULL,0.28,0.000,0.000,NULL,0.00,S,0.00000000,0.00000000,3.00000000,3.00000000,1.00000000,0.00000000,0.00,0.20,C,Y,NULL,2026-02-11 10:20:25.353,SAW001,NULL,NULL,N,N,NULL,NULL,NULL,NULL,2026-02-11 04:40:00.000,2026-02-11 05:00:00.000,2026-02-11 06:40:00.000,N,32.00000000,32.00000000,0.00000000,0.00000000,0.00000000,0.00000000,0.00000000,73.000,73.000,0.00000000,12.22000000,8.92000000,0.00000000,0.00000000,0.00000000,0.00000000,9.66000000,9.85000000,0.00000000,0.00000000,0.00000000,0.00000000,0.00000000,0.00000000,0.00000000,0.00000000,0.00000000,0.00000000,0.00000000,0.00000000,0.00000000,0.00000000,NULL,0,NULL,N,NULL,0.00000000,0.00000000,NULL,NULL,NULL,NULL,NULL,NULL,0.00000000,0.00000000,NULL,NULL,NULL,NULL,NULL,NULL,NULL,NULL,NULL,NULL,NULL,NULL,NULL,NULL,NULL,NULL,NULL,NULL,NULL,NULL,N,N,NULL,NULL,NULL,NULL,NULL,NULL,N,N,2026-02-11 10:20:25.380,NULL,NULL,SK01,NULL,NULL,N,NULL,NULL,NULL,99999,99999
1672473,W,1808061,1,0,0,40,P2M1-SAW-PLATE,0.100,0.09400000,HRS/PC,NULL,0.19,0.000,0.000,NULL,0.00,S,0.00000000,0.00000000,2.00000000,2.00000000,2.00000000,0.00000000,0.00,0.29,C,Y,NULL,2026-02-12 09:32:12.847,SAW002,NULL,NULL,N,N,NULL,NULL,NULL,NULL,2026-02-12 07:20:00.000,2026-02-12 07:40:00.000,2026-02-12 12:00:00.000,N,32.00000000,32.00000000,0.00000000,0.00000000,0.00000000,0.00000000,0.00000000,73.000,73.000,0.00000000,9.22000000,6.73000000,0.00000000,0.00000000,0.00000000,0.00000000,14.01000000,14.29000000,0.00000000,0.00000000,0.00000000,0.00000000,0.00000000,0.00000000,0.00000000,0.00000000,0.00000000,0.00000000,0.00000000,0.00000000,0.00000000,0.00000000,NULL,0,NULL,N,NULL,0.00000000,0.00000000,NULL,NULL,NULL,NULL,NULL,NULL,0.00000000,0.00000000,NULL,NULL,NULL,NULL,NULL,NULL,NULL,NULL,NULL,NULL,NULL,NULL,NULL,NULL,NULL,NULL,NULL,NULL,NULL,NULL,N,N,NULL,NULL,NULL,NULL,NULL,NULL,N,N,2026-02-12 09:32:12.803,NULL,NULL,SK01,NULL,NULL,N,NULL,NULL,NULL,99999,99999
1672597,W,1808065,1,0,0,30,P2M1-SAW-PLATE,0.100,0.02000000,HRS/PC,NULL,0.14,NULL,0.000,NULL,0.00,S,0.00000000,NULL,7.00000000,7.00000000,8.00000000,0.00000000,0.00,3.09,C,Y,NULL,2026-02-11 10:08:36.730,SAW001,NULL,NULL,N,N,NULL,NULL,NULL,NULL,2026-02-13 11:30:00.000,2026-02-13 11:40:00.000,2026-02-15 20:10:00.000,N,32.00000000,32.00000000,0.00000000,0.00000000,0.00000000,0.00000000,0.00000000,76.000,76.000,0.00000000,7.68000000,5.84000000,0.00000000,0.00000000,0.00000000,0.00000000,149.25000000,152.23000000,0.00000000,0.00000000,0.00000000,0.00000000,0.00000000,0.00000000,0.00000000,0.00000000,0.00000000,0.00000000,0.00000000,0.00000000,0.00000000,0.00000000,NULL,0,NULL,N,NULL,0.00000000,0.00000000,NULL,NULL,NULL,NULL,NULL,NULL,0.00000000,0.00000000,NULL,NULL,NULL,NULL,NULL,NULL,NULL,NULL,NULL,NULL,NULL,NULL,NULL,NULL,NULL,NULL,NULL,NULL,NULL,NULL,N,N,NULL,NULL,NULL,NULL,NULL,NULL,N,N,2026-02-11 10:08:36.540,NULL,NULL,SK01,NULL,NULL,N,NULL,NULL,NULL,99999,99999
1678320,W,1808294,1,0,0,30,P2M1-SAW,0.000,0.09400000,HRS/PC,NULL,3.38,0.000,0.000,NULL,0.00,S,0.00000000,0.00010000,36.00000000,36.00000000,36.00000000,0.00000000,0.00,3.20,C,Y,NULL,2026-02-12 09:14:32.797,SAW001,NULL,NULL,N,N,NULL,NULL,NULL,NULL,2026-02-23 10:20:00.000,2026-02-23 13:40:00.000,2026-03-06 21:00:00.000,N,32.00000000,32.00000000,0.00000000,0.00000000,0.00000000,0.00000000,0.00000000,73.000,73.000,0.00000000,108.29000000,79.05000000,0.00000000,0.00000000,0.00000000,0.00000000,154.57000000,157.65000000,0.00000000,0.00000000,0.00000000,0.00000000,0.00000000,0.00000000,0.00000000,0.00000000,0.00000000,0.00000000,0.00000000,0.00000000,0.00000000,0.00000000,NULL,0,NULL,N,NULL,0.00000000,0.00000000,NULL,NULL,NULL,NULL,NULL,NULL,0.00000000,0.00000000,NULL,NULL,NULL,NULL,NULL,NULL,NULL,NULL,NULL,NULL,NULL,NULL,NULL,NULL,NULL,NULL,NULL,NULL,NULL,NULL,N,N,NULL,NULL,NULL,NULL,NULL,NULL,N,N,2026-02-12 09:14:32.753,NULL,NULL,SK01,NULL,NULL,N,NULL,NULL,NULL,99999,99999
1678352,W,1808296,1,0,0,30,P2M1-SAW,0.000,0.09400000,HRS/PC,NULL,0.19,0.000,0.000,NULL,0.00,S,0.00000000,0.00010000,2.00000000,2.00000000,2.00000000,0.00000000,0.00,1.27,C,Y,NULL,2026-02-11 09:43:45.830,SAW001,NULL,NULL,N,N,NULL,NULL,NULL,NULL,2026-02-11 03:40:00.000,2026-02-11 03:50:00.000,2026-02-11 04:30:00.000,N,32.00000000,32.00000000,0.00000000,0.00000000,0.00000000,0.00000000,0.00000000,73.000,73.000,0.00000000,6.02000000,4.39000000,0.00000000,0.00000000,0.00000000,0.00000000,61.34000000,62.57000000,0.00000000,0.00000000,0.00000000,0.00000000,0.00000000,0.00000000,0.00000000,0.00000000,0.00000000,0.00000000,0.00000000,0.00000000,0.00000000,0.00000000,NULL,0,NULL,N,NULL,0.00000000,0.00000000,NULL,NULL,NULL,NULL,NULL,NULL,0.00000000,0.00000000,NULL,NULL,NULL,NULL,NULL,NULL,NULL,NULL,NULL,NULL,NULL,NULL,NULL,NULL,NULL,NULL,NULL,NULL,NULL,NULL,N,N,NULL,NULL,NULL,NULL,NULL,NULL,N,N,2026-02-11 09:43:45.040,NULL,NULL,SK01,NULL,NULL,N,NULL,NULL,NULL,99999,99999
1680582,W,1808379,1,0,0,30,P2M1-SAW,0.200,0.09400000,HRS/PC,NULL,0.85,0.000,0.000,NULL,0.00,S,0.00000000,0.00000000,9.00000000,9.00000000,9.00000000,0.00000000,0.00,0.51,C,Y,NULL,2026-02-09 15:29:07.683,SAW002,NULL,NULL,N,N,NULL,NULL,NULL,NULL,2026-02-16 23:00:00.000,2026-02-17 00:10:00.000,2026-02-24 16:10:00.000,N,32.00000000,32.00000000,0.00000000,0.00000000,0.00000000,0.00000000,0.00000000,73.000,73.000,0.00000000,33.47000000,24.43000000,0.00000000,0.00000000,0.00000000,0.00000000,24.63000000,25.13000000,0.00000000,0.00000000,0.00000000,0.00000000,0.00000000,0.00000000,0.00000000,0.00000000,0.00000000,0.00000000,0.00000000,0.00000000,0.00000000,0.00000000,NULL,0,NULL,N,NULL,0.00000000,0.00000000,NULL,NULL,NULL,NULL,NULL,NULL,0.00000000,0.00000000,NULL,NULL,NULL,NULL,NULL,NULL,NULL,NULL,NULL,NULL,NULL,NULL,NULL,NULL,NULL,NULL,NULL,NULL,NULL,NULL,NULL,NULL,NULL,NULL,NULL,NULL,NULL,NULL,N,N,2026-02-09 15:29:07.633,NULL,NULL,SK01,NULL,NULL,N,NULL,NULL,NULL,99999,99999
1682973,W,1808453,1,0,0,40,P2M1-SAW,0.100,0.09400000,HRS/PC,NULL,0.19,0.000,0.000,NULL,0.00,S,0.00000000,0.00000000,2.00000000,2.00000000,2.00000000,0.00000000,0.00,0.64,C,Y,NULL,2026-02-12 12:17:24.840,SAW002,NULL,NULL,N,N,NULL,NULL,NULL,NULL,2026-02-19 02:00:00.000,2026-02-19 02:20:00.000,2026-02-26 01:20:00.000,N,32.00000000,32.00000000,0.00000000,0.00000000,0.00000000,0.00000000,0.00000000,73.000,73.000,0.00000000,9.22000000,6.73000000,0.00000000,0.00000000,0.00000000,0.00000000,30.91000000,31.53000000,0.00000000,0.00000000,0.00000000,0.00000000,0.00000000,0.00000000,0.00000000,0.00000000,0.00000000,0.00000000,0.00000000,0.00000000,0.00000000,0.00000000,NULL,0,NULL,N,NULL,0.00000000,0.00000000,NULL,NULL,NULL,NULL,NULL,NULL,0.00000000,0.00000000,NULL,NULL,NULL,NULL,NULL,NULL,NULL,NULL,NULL,NULL,NULL,NULL,NULL,NULL,NULL,NULL,NULL,NULL,NULL,NULL,N,N,NULL,NULL,NULL,NULL,NULL,NULL,N,N,2026-02-12 12:17:24.710,NULL,NULL,SK01,NULL,NULL,N,NULL,NULL,NULL,99999,99999
1683121,W,1808457,1,0,0,40,P2M1-SAW,0.100,0.09400000,HRS/PC,NULL,0.09,0.000,0.000,NULL,0.00,S,0.00000000,0.00000000,1.00000000,1.00000000,1.00000000,0.00000000,0.00,0.07,C,Y,NULL,2026-02-10 12:11:25.947,SAW002,NULL,NULL,N,N,NULL,NULL,NULL,NULL,2026-02-10 11:10:00.000,2026-02-10 11:20:00.000,2026-02-10 19:30:00.000,N,32.00000000,32.00000000,0.00000000,0.00000000,0.00000000,0.00000000,0.00000000,73.000,73.000,0.00000000,6.21000000,4.53000000,0.00000000,0.00000000,0.00000000,0.00000000,3.38000000,3.45000000,0.00000000,0.00000000,0.00000000,0.00000000,0.00000000,0.00000000,0.00000000,0.00000000,0.00000000,0.00000000,0.00000000,0.00000000,0.00000000,0.00000000,NULL,0,NULL,N,NULL,0.00000000,0.00000000,NULL,NULL,NULL,NULL,NULL,NULL,0.00000000,0.00000000,NULL,NULL,NULL,NULL,NULL,NULL,NULL,NULL,NULL,NULL,NULL,NULL,NULL,NULL,NULL,NULL,NULL,NULL,NULL,NULL,N,N,NULL,NULL,NULL,NULL,NULL,NULL,N,N,2026-02-10 12:11:25.907,NULL,NULL,SK01,NULL,NULL,N,NULL,NULL,NULL,99999,99999
1683239,W,1808462,1,0,0,40,P2M1-SAW,0.100,0.09400000,HRS/PC,NULL,0.19,0.000,0.000,NULL,0.00,S,0.00000000,0.00000000,2.00000000,2.00000000,2.00000000,0.00000000,0.00,0.62,C,Y,NULL,2026-02-10 12:07:15.300,SAW002,NULL,NULL,N,N,NULL,NULL,NULL,NULL,2026-02-16 12:50:00.000,2026-02-16 13:10:00.000,2026-02-22 23:00:00.000,N,32.00000000,32.00000000,0.00000000,0.00000000,0.00000000,0.00000000,0.00000000,73.000,73.000,0.00000000,9.22000000,6.73000000,0.00000000,0.00000000,0.00000000,0.00000000,29.95000000,30.54000000,0.00000000,0.00000000,0.00000000,0.00000000,0.00000000,0.00000000,0.00000000,0.00000000,0.00000000,0.00000000,0.00000000,0.00000000,0.00000000,0.00000000,NULL,0,NULL,N,NULL,0.00000000,0.00000000,NULL,NULL,NULL,NULL,NULL,NULL,0.00000000,0.00000000,NULL,NULL,NULL,NULL,NULL,NULL,NULL,NULL,NULL,NULL,NULL,NULL,NULL,NULL,NULL,NULL,NULL,NULL,NULL,NULL,N,N,NULL,NULL,NULL,NULL,NULL,NULL,N,N,2026-02-10 12:07:15.160,NULL,NULL,SK01,NULL,NULL,N,NULL,NULL,NULL,99999,99999
1683700,W,1808480,1,0,0,30,P2M1-SAW-BAND,0.200,0.10100000,HRS/PC,NULL,4.55,0.000,0.000,NULL,0.00,S,0.00000000,0.00000000,45.00000000,45.00000000,1.00000000,0.00000000,0.00,0.39,C,Y,NULL,2026-02-11 10:43:57.130,SAW003,NULL,NULL,N,N,NULL,NULL,NULL,NULL,2026-02-11 03:00:00.000,2026-02-11 07:50:00.000,2026-02-11 07:50:00.000,N,32.00000000,32.00000000,0.00000000,0.00000000,0.00000000,0.00000000,0.00000000,73.000,73.000,0.00000000,151.84000000,110.84000000,0.00000000,0.00000000,0.00000000,0.00000000,18.84000000,19.21000000,0.00000000,0.00000000,0.00000000,0.00000000,0.00000000,0.00000000,0.00000000,0.00000000,0.00000000,0.00000000,0.00000000,0.00000000,0.00000000,0.00000000,NULL,0,NULL,N,NULL,0.00000000,0.00000000,NULL,NULL,NULL,NULL,NULL,NULL,0.00000000,0.00000000,NULL,NULL,NULL,NULL,NULL,NULL,NULL,NULL,NULL,NULL,NULL,NULL,NULL,NULL,NULL,NULL,NULL,NULL,NULL,NULL,N,N,NULL,NULL,NULL,NULL,NULL,NULL,N,N,2026-02-11 10:43:57.137,NULL,NULL,SK01,NULL,NULL,N,NULL,NULL,NULL,99999,99999
1683701,W,1808480,1,0,0,40,P2M1-SAW-BAND,0.200,0.09400000,HRS/PC,NULL,4.23,0.000,0.000,NULL,0.00,S,0.00000000,0.00000000,45.00000000,45.00000000,16.00000000,0.00000000,0.00,2.95,C,Y,NULL,2026-02-11 14:10:50.343,SAW002,NULL,NULL,N,N,NULL,NULL,NULL,NULL,2026-02-11 08:00:00.000,2026-02-11 12:30:00.000,2026-02-11 12:30:00.000,N,32.00000000,32.00000000,0.00000000,0.00000000,0.00000000,0.00000000,0.00000000,73.000,73.000,0.00000000,141.76000000,103.48000000,0.00000000,0.00000000,0.00000000,0.00000000,142.49000000,145.33000000,0.00000000,0.00000000,0.00000000,0.00000000,0.00000000,0.00000000,0.00000000,0.00000000,0.00000000,0.00000000,0.00000000,0.00000000,0.00000000,0.00000000,NULL,0,NULL,N,NULL,0.00000000,0.00000000,NULL,NULL,NULL,NULL,NULL,NULL,0.00000000,0.00000000,NULL,NULL,NULL,NULL,NULL,NULL,NULL,NULL,NULL,NULL,NULL,NULL,NULL,NULL,NULL,NULL,NULL,NULL,NULL,NULL,N,N,NULL,NULL,NULL,NULL,NULL,NULL,N,N,2026-02-11 14:10:50.350,NULL,NULL,SK01,NULL,NULL,N,NULL,NULL,NULL,99999,99999
1687307,W,1808639,1,0,0,35,P2M1-SAW,0.100,0.02000000,HRS/PC,NULL,0.20,NULL,0.000,NULL,0.00,S,0.00000000,NULL,10.00000000,10.00000000,10.00000000,0.00000000,0.00,1.35,C,Y,NULL,2026-02-12 15:27:24.707,SAW001,NULL,NULL,N,N,NULL,NULL,NULL,NULL,2026-02-12 05:30:00.000,2026-02-12 05:50:00.000,2026-02-12 08:20:00.000,N,29.65000000,29.65000000,0.00000000,0.00000000,0.00000000,0.00000000,0.00000000,0.000,0.000,0.00000000,8.90000000,0.00000000,0.00000000,0.00000000,0.00000000,0.00000000,65.21000000,66.51000000,0.00000000,0.00000000,0.00000000,0.00000000,0.00000000,0.00000000,0.00000000,0.00000000,0.00000000,0.00000000,0.00000000,0.00000000,0.00000000,0.00000000,NULL,0,NULL,N,NULL,0.00000000,0.00000000,NULL,NULL,NULL,NULL,NULL,NULL,0.00000000,0.00000000,NULL,NULL,NULL,NULL,NULL,NULL,NULL,NULL,NULL,NULL,NULL,NULL,NULL,NULL,NULL,NULL,NULL,NULL,NULL,NULL,N,N,NULL,NULL,NULL,NULL,NULL,NULL,N,N,2026-02-12 15:27:24.557,NULL,NULL,SK01,NULL,NULL,N,NULL,NULL,NULL,99999,99999
1689187,W,1808713,1,0,0,30,P2M1-SAW,0.200,0.09400000,HRS/PC,NULL,2.26,0.000,0.000,NULL,0.00,S,0.00000000,0.00000000,24.00000000,24.00000000,5.00000000,0.00000000,0.00,1.00,C,Y,NULL,2026-02-12 15:25:31.790,SAW001,NULL,NULL,N,N,NULL,NULL,NULL,NULL,2026-02-13 05:30:00.000,2026-02-13 08:00:00.000,2026-02-14 10:30:00.000,N,32.00000000,32.00000000,0.00000000,0.00000000,0.00000000,0.00000000,0.00000000,73.000,73.000,0.00000000,78.59000000,57.37000000,0.00000000,0.00000000,0.00000000,0.00000000,48.30000000,49.27000000,0.00000000,0.00000000,0.00000000,0.00000000,0.00000000,0.00000000,0.00000000,0.00000000,0.00000000,0.00000000,0.00000000,0.00000000,0.00000000,0.00000000,NULL,0,NULL,N,NULL,0.00000000,0.00000000,NULL,NULL,NULL,NULL,NULL,NULL,0.00000000,0.00000000,NULL,NULL,NULL,NULL,NULL,NULL,NULL,NULL,NULL,NULL,NULL,NULL,NULL,NULL,NULL,NULL,NULL,NULL,NULL,NULL,N,N,NULL,NULL,NULL,NULL,NULL,NULL,N,N,2026-02-12 15:25:31.797,NULL,NULL,SK01,NULL,NULL,N,NULL,NULL,NULL,99999,99999
1689241,W,1808715,1,0,0,40,P2M1-SAW,0.200,0.09400000,HRS/PC,NULL,0.75,0.000,0.000,NULL,0.00,S,0.00000000,0.00000000,8.00000000,8.00000000,8.00000000,0.00000000,0.00,0.45,C,Y,NULL,2026-02-12 12:44:14.163,SAW002,NULL,NULL,N,N,NULL,NULL,NULL,NULL,2026-02-12 04:20:00.000,2026-02-12 05:20:00.000,2026-02-12 06:40:00.000,N,32.00000000,32.00000000,0.00000000,0.00000000,0.00000000,0.00000000,0.00000000,73.000,73.000,0.00000000,30.46000000,22.24000000,0.00000000,0.00000000,0.00000000,0.00000000,21.74000000,22.17000000,0.00000000,0.00000000,0.00000000,0.00000000,0.00000000,0.00000000,0.00000000,0.00000000,0.00000000,0.00000000,0.00000000,0.00000000,0.00000000,0.00000000,NULL,0,NULL,N,NULL,0.00000000,0.00000000,NULL,NULL,NULL,NULL,NULL,NULL,0.00000000,0.00000000,NULL,NULL,NULL,NULL,NULL,NULL,NULL,NULL,NULL,NULL,NULL,NULL,NULL,NULL,NULL,NULL,NULL,NULL,NULL,NULL,N,N,NULL,NULL,NULL,NULL,NULL,NULL,N,N,2026-02-12 12:44:13.933,NULL,NULL,SK01,NULL,NULL,N,NULL,NULL,NULL,99999,99999
1689357,W,1808717,1,0,0,20,P2M1-SAW,0.000,0.09400000,HRS/PC,NULL,0.28,0.000,0.000,NULL,0.00,S,0.00000000,0.00010000,3.00000000,3.00000000,3.00000000,0.00000000,0.00,0.24,C,Y,NULL,2026-02-11 14:25:16.703,SAW001,NULL,NULL,N,N,NULL,NULL,NULL,NULL,2026-02-11 06:10:00.000,2026-02-11 06:20:00.000,2026-02-11 09:30:00.000,N,32.00000000,32.00000000,0.00000000,0.00000000,0.00000000,0.00000000,0.00000000,73.000,73.000,0.00000000,9.02000000,6.59000000,0.00000000,0.00000000,0.00000000,0.00000000,11.59000000,11.82000000,0.00000000,0.00000000,0.00000000,0.00000000,0.00000000,0.00000000,0.00000000,0.00000000,0.00000000,0.00000000,0.00000000,0.00000000,0.00000000,0.00000000,NULL,0,NULL,N,NULL,0.00000000,0.00000000,NULL,NULL,NULL,NULL,NULL,NULL,0.00000000,0.00000000,NULL,NULL,NULL,NULL,NULL,NULL,NULL,NULL,NULL,NULL,NULL,NULL,NULL,NULL,NULL,NULL,NULL,NULL,NULL,NULL,N,N,NULL,NULL,NULL,NULL,NULL,NULL,N,N,2026-02-11 14:25:16.667,NULL,NULL,SK01,NULL,NULL,N,NULL,NULL,NULL,99999,99999
1699407,W,1809126,1,0,0,40,P2M1-SAW-PLATE,0.100,0.09400000,HRS/PC,NULL,0.85,0.000,0.000,NULL,0.00,S,0.00000000,0.00000000,9.00000000,9.00000000,9.00000000,0.00000000,0.00,1.64,C,Y,NULL,2026-02-12 13:53:46.170,SAW001,NULL,NULL,N,N,NULL,NULL,NULL,NULL,2026-02-12 03:00:00.000,2026-02-12 04:00:00.000,2026-02-12 04:00:00.000,N,32.00000000,32.00000000,0.00000000,0.00000000,0.00000000,0.00000000,0.00000000,73.000,73.000,0.00000000,30.27000000,22.10000000,0.00000000,0.00000000,0.00000000,0.00000000,79.21000000,80.80000000,0.00000000,0.00000000,0.00000000,0.00000000,0.00000000,0.00000000,0.00000000,0.00000000,0.00000000,0.00000000,0.00000000,0.00000000,0.00000000,0.00000000,NULL,0,NULL,N,NULL,0.00000000,0.00000000,NULL,NULL,NULL,NULL,NULL,NULL,0.00000000,0.00000000,NULL,NULL,NULL,NULL,NULL,NULL,NULL,NULL,NULL,NULL,NULL,NULL,NULL,NULL,NULL,NULL,NULL,NULL,NULL,NULL,N,N,NULL,NULL,NULL,NULL,NULL,NULL,N,N,2026-02-12 13:53:46.127,NULL,NULL,SK01,NULL,NULL,N,NULL,NULL,NULL,99999,99999
